00000000-0000-0000-0000-000000000000		Null	Null	v0.0	
52C80B95-C1AD-4240-8D89-72E9FA84025E	MC-CCFG	Server Cluster: Configuration (ClusCfg) Protocol	IClusCfgAsyncEvictCleanup	v0.0	
9BE77978-73ED-4A9A-87FD-13F09FEC1B13	MC-IISA	Internet Information Services (IIS) Application Host COM Protocol	IAppHostAdminManager	v0.0	
09829352-87C2-418D-8D79-4133969A489D	MC-IISA	Internet Information Services (IIS) Application Host COM Protocol	IAppHostChangeHandler	v0.0	
08A90F5F-0702-48D6-B45F-02A9885A9768	MC-IISA	Internet Information Services (IIS) Application Host COM Protocol	IAppHostChildElementCollection	v0.0	
DE095DB1-5368-4D11-81F6-EFEF619B7BCF	MC-IISA	Internet Information Services (IIS) Application Host COM Protocol	IAppHostCollectionSchema	v0.0	
4DFA1DF3-8900-4BC7-BBB5-D1A458C52410	MC-IISA	Internet Information Services (IIS) Application Host COM Protocol	IAppHostConfigException	v0.0	
ADA4E6FB-E025-401E-A5D0-C3134A281F07	MC-IISA	Internet Information Services (IIS) Application Host COM Protocol	IAppHostConfigFile	v0.0	
832A32F7-B3EA-4B8C-B260-9A2923001184	MC-IISA	Internet Information Services (IIS) Application Host COM Protocol	IAppHostConfigLocationCollection	v0.0	
370AF178-7758-4DAD-8146-7391F6E18585	MC-IISA	Internet Information Services (IIS) Application Host COM Protocol	IAppHostConfigLocation	v0.0	
8F6D760F-F0CB-4D69-B5F6-848B33E9BDC6	MC-IISA	Internet Information Services (IIS) Application Host COM Protocol	IAppHostConfigManager	v0.0	
5B5A68E6-8B9F-45E1-8199-A95FFCCDFFFF	MC-IISA	Internet Information Services (IIS) Application Host COM Protocol	IAppHostConstantValueCollection	v0.0	
0716CAF8-7D05-4A46-8099-77594BE91394	MC-IISA	Internet Information Services (IIS) Application Host COM Protocol	IAppHostConstantValue	v0.0	
C8550BFF-5281-4B1E-AC34-99B6FA38464D	MC-IISA	Internet Information Services (IIS) Application Host COM Protocol	IAppHostElementCollection	v0.0	
0344CDDA-151E-4CBF-82DA-66AE61E97754	MC-IISA	Internet Information Services (IIS) Application Host COM Protocol	IAppHostElementSchemaCollection	v0.0	
EF13D885-642C-4709-99EC-B89561C6BC69	MC-IISA	Internet Information Services (IIS) Application Host COM Protocol	IAppHostElementSchema	v0.0	
64FF8CCC-B287-4DAE-B08A-A72CBF45F453	MC-IISA	Internet Information Services (IIS) Application Host COM Protocol	IAppHostElement	v0.0	
31A83EA0-C0E4-4A2C-8A01-353CC2A4C60A	MC-IISA	Internet Information Services (IIS) Application Host COM Protocol	IAppHostMappingExtension	v0.0	
D6C7CD8F-BB8D-4F96-B591-D3A5F1320269	MC-IISA	Internet Information Services (IIS) Application Host COM Protocol	IAppHostMethodCollection	v0.0	
B80F3C42-60E0-4AE0-9007-F52852D3DBED	MC-IISA	Internet Information Services (IIS) Application Host COM Protocol	IAppHostMethodInstance	v0.0	
2D9915FB-9D42-4328-B782-1B46819FAB9E	MC-IISA	Internet Information Services (IIS) Application Host COM Protocol	IAppHostMethodSchema	v0.0	
7883CA1C-1112-4447-84C3-52FBEB38069D	MC-IISA	Internet Information Services (IIS) Application Host COM Protocol	IAppHostMethod	v0.0	
E7927575-5CC3-403B-822E-328A6B904BEE	MC-IISA	Internet Information Services (IIS) Application Host COM Protocol	IAppHostPathMapper	v0.0	
0191775E-BCFF-445A-B4F4-3BDDA54E2816	MC-IISA	Internet Information Services (IIS) Application Host COM Protocol	IAppHostPropertyCollection	v0.0	
EAFE4895-A929-41EA-B14D-613E23F62B71	MC-IISA	Internet Information Services (IIS) Application Host COM Protocol	IAppHostPropertyException	v0.0	
8BED2C68-A5FB-4B28-8581-A0DC5267419F	MC-IISA	Internet Information Services (IIS) Application Host COM Protocol	IAppHostPropertySchemaCollection	v0.0	
450386DB-7409-4667-935E-384DBBEE2A9E	MC-IISA	Internet Information Services (IIS) Application Host COM Protocol	IAppHostPropertySchema	v0.0	
ED35F7A1-5024-4E7B-A44D-07DDAF4B524D	MC-IISA	Internet Information Services (IIS) Application Host COM Protocol	IAppHostProperty	v0.0	
B7D381EE-8860-47A1-8AF4-1F33B2B1F325	MC-IISA	Internet Information Services (IIS) Application Host COM Protocol	IAppHostSectionDefinitionCollection	v0.0	
C5C04795-321C-4014-8FD6-D44658799393	MC-IISA	Internet Information Services (IIS) Application Host COM Protocol	IAppHostSectionDefinition	v0.0	
0DD8A158-EBE6-4008-A1D9-B7ECC8F1104B	MC-IISA	Internet Information Services (IIS) Application Host COM Protocol	IAppHostSectionGroup	v0.0	
FA7660F6-7B3F-4237-A8BF-ED0AD0DCBBD9	MC-IISA	Internet Information Services (IIS) Application Host COM Protocol	IAppHostWritableAdminManager	v0.0	
12A30900-7300-11D2-B0E6-00E02C074F6B	MC-MQAC	Message Queuing (MSMQ): ActiveX Client Protocol	IMSMQApplication2	v0.0	
EBA96B1F-2168-11D3-898C-00E02C074F6B	MC-MQAC	Message Queuing (MSMQ): ActiveX Client Protocol	IMSMQApplication3	v0.0	
D7D6E085-DCCD-11D0-AA4B-0060970DEBAE	MC-MQAC	Message Queuing (MSMQ): ActiveX Client Protocol	IMSMQApplication	v0.0	
0188AC2F-ECB3-4173-9779-635CA2039C72	MC-MQAC	Message Queuing (MSMQ): ActiveX Client Protocol	IMSMQCollection	v0.0	
EBA96B10-2168-11D3-898C-00E02C074F6B	MC-MQAC	Message Queuing (MSMQ): ActiveX Client Protocol	IMSMQCoordinatedTransactionDispenser2	v0.0	
EBA96B14-2168-11D3-898C-00E02C074F6B	MC-MQAC	Message Queuing (MSMQ): ActiveX Client Protocol	IMSMQCoordinatedTransactionDispenser3	v0.0	
D7D6E081-DCCD-11D0-AA4B-0060970DEBAE	MC-MQAC	Message Queuing (MSMQ): ActiveX Client Protocol	IMSMQCoordinatedTransactionDispenser	v0.0	
EBA96B16-2168-11D3-898C-00E02C074F6B	MC-MQAC	Message Queuing (MSMQ): ActiveX Client Protocol	IMSMQDestination	v0.0	
EBA96B12-2168-11D3-898C-00E02C074F6B	MC-MQAC	Message Queuing (MSMQ): ActiveX Client Protocol	IMSMQEvent2	v0.0	
EBA96B1C-2168-11D3-898C-00E02C074F6B	MC-MQAC	Message Queuing (MSMQ): ActiveX Client Protocol	IMSMQEvent3	v0.0	
D7D6E077-DCCD-11D0-AA4B-0060970DEBAE	MC-MQAC	Message Queuing (MSMQ): ActiveX Client Protocol	IMSMQEvent	v0.0	
BE5F0241-E489-4957-8CC4-A452FCF3E23E	MC-MQAC	Message Queuing (MSMQ): ActiveX Client Protocol	IMSMQManagement	v0.0	
D9933BE0-A567-11D2-B0F3-00E02C074F6B	MC-MQAC	Message Queuing (MSMQ): ActiveX Client Protocol	IMSMQMessage2	v0.0	
EBA96B1A-2168-11D3-898C-00E02C074F6B	MC-MQAC	Message Queuing (MSMQ): ActiveX Client Protocol	IMSMQMessage3	v0.0	
EBA96B23-2168-11D3-898C-00E02C074F6B	MC-MQAC	Message Queuing (MSMQ): ActiveX Client Protocol	IMSMQMessage4	v0.0	
D7D6E074-DCCD-11D0-AA4B-0060970DEBAE	MC-MQAC	Message Queuing (MSMQ): ActiveX Client Protocol	IMSMQMessage	v0.0	
64C478FB-F9B0-4695-8A7F-439AC94326D3	MC-MQAC	Message Queuing (MSMQ): ActiveX Client Protocol	IMSMQOutgoingQueueManagement	v0.0	
EBA96B17-2168-11D3-898C-00E02C074F6B	MC-MQAC	Message Queuing (MSMQ): ActiveX Client Protocol	IMSMQPrivateDestination	v0.0	
D7AB3341-C9D3-11D1-BB47-0080C7C5A2C0	MC-MQAC	Message Queuing (MSMQ): ActiveX Client Protocol	IMSMQPrivateEvent	v0.0	
EBA96B0E-2168-11D3-898C-00E02C074F6B	MC-MQAC	Message Queuing (MSMQ): ActiveX Client Protocol	IMSMQQuery2	v0.0	
EBA96B19-2168-11D3-898C-00E02C074F6B	MC-MQAC	Message Queuing (MSMQ): ActiveX Client Protocol	IMSMQQuery3	v0.0	
EBA96B24-2168-11D3-898C-00E02C074F6B	MC-MQAC	Message Queuing (MSMQ): ActiveX Client Protocol	IMSMQQuery4	v0.0	
D7D6E072-DCCD-11D0-AA4B-0060970DEBAE	MC-MQAC	Message Queuing (MSMQ): ActiveX Client Protocol	IMSMQQuery	v0.0	
EF0574E0-06D8-11D3-B100-00E02C074F6B	MC-MQAC	Message Queuing (MSMQ): ActiveX Client Protocol	IMSMQQueue2	v0.0	
EBA96B1B-2168-11D3-898C-00E02C074F6B	MC-MQAC	Message Queuing (MSMQ): ActiveX Client Protocol	IMSMQQueue3	v0.0	
EBA96B20-2168-11D3-898C-00E02C074F6B	MC-MQAC	Message Queuing (MSMQ): ActiveX Client Protocol	IMSMQQueue4	v0.0	
FD174A80-89CF-11D2-B0F2-00E02C074F6B	MC-MQAC	Message Queuing (MSMQ): ActiveX Client Protocol	IMSMQQueueInfo2	v0.0	
EBA96B1D-2168-11D3-898C-00E02C074F6B	MC-MQAC	Message Queuing (MSMQ): ActiveX Client Protocol	IMSMQQueueInfo3	v0.0	
EBA96B21-2168-11D3-898C-00E02C074F6B	MC-MQAC	Message Queuing (MSMQ): ActiveX Client Protocol	IMSMQQueueInfo4	v0.0	
EBA96B0F-2168-11D3-898C-00E02C074F6B	MC-MQAC	Message Queuing (MSMQ): ActiveX Client Protocol	IMSMQQueueInfos2	v0.0	
EBA96B1E-2168-11D3-898C-00E02C074F6B	MC-MQAC	Message Queuing (MSMQ): ActiveX Client Protocol	IMSMQQueueInfos3	v0.0	
EBA96B22-2168-11D3-898C-00E02C074F6B	MC-MQAC	Message Queuing (MSMQ): ActiveX Client Protocol	IMSMQQueueInfos4	v0.0	
D7D6E07D-DCCD-11D0-AA4B-0060970DEBAE	MC-MQAC	Message Queuing (MSMQ): ActiveX Client Protocol	IMSMQQueueInfos	v0.0	
D7D6E07B-DCCD-11D0-AA4B-0060970DEBAE	MC-MQAC	Message Queuing (MSMQ): ActiveX Client Protocol	IMSMQQueueInfo	v0.0	
7FBE7759-5760-444D-B8A5-5E7AB9A84CCE	MC-MQAC	Message Queuing (MSMQ): ActiveX Client Protocol	IMSMQQueueManagement	v0.0	
D7D6E076-DCCD-11D0-AA4B-0060970DEBAE	MC-MQAC	Message Queuing (MSMQ): ActiveX Client Protocol	IMSMQQueue	v0.0	
2CE0C5B0-6E67-11D2-B0E6-00E02C074F6B	MC-MQAC	Message Queuing (MSMQ): ActiveX Client Protocol	IMSMQTransaction2	v0.0	
EBA96B13-2168-11D3-898C-00E02C074F6B	MC-MQAC	Message Queuing (MSMQ): ActiveX Client Protocol	IMSMQTransaction3	v0.0	
EBA96B11-2168-11D3-898C-00E02C074F6B	MC-MQAC	Message Queuing (MSMQ): ActiveX Client Protocol	IMSMQTransactionDispenser2	v0.0	
EBA96B15-2168-11D3-898C-00E02C074F6B	MC-MQAC	Message Queuing (MSMQ): ActiveX Client Protocol	IMSMQTransactionDispenser3	v0.0	
D7D6E083-DCCD-11D0-AA4B-0060970DEBAE	MC-MQAC	Message Queuing (MSMQ): ActiveX Client Protocol	IMSMQTransactionDispenser	v0.0	
D7D6E07F-DCCD-11D0-AA4B-0060970DEBAE	MC-MQAC	Message Queuing (MSMQ): ActiveX Client Protocol	IMSMQTransaction	v0.0	
0FB15084-AF41-11CE-BD2B-204C4F4F5020	MC-MQAC	Message Queuing (MSMQ): ActiveX Client Protocol	ITransaction	v0.0	
070669EB-B52F-11D1-9270-00C04FBBBFB3	MS-ADTG	Remote Data Services (RDS) Transport Protocol	IDataFactory2	v0.0	
4639DB2A-BFC5-11D2-9318-00C04FBBBFB3	MS-ADTG	Remote Data Services (RDS) Transport Protocol	IDataFactory3	v0.0	
0EAC4842-8763-11CF-A743-00AA00A3F00D	MS-ADTG	Remote Data Services (RDS) Transport Protocol	IDataFactory	v0.0	
BBA9CB76-EB0C-462C-AA1B-5D8C34415701	MS-ADTS	Active Directory Technical Specification	Claims	v1.0	
3DDE7C30-165D-11D1-AB8F-00805F14DB40	MS-BKRP	BackupKey Remote Protocol	BackupKey	v1.0	ncacn_np:protected_storage ncacn_np:ntsvcs
E3D0D746-D2AF-40FD-8A7A-0D7078BB7092	MS-BPAU	Background Intelligent Transfer Service (BITS) Peer-Caching: Peer Authentication Protocol	BitsPeerAuth	v1.0	
6BFFD098-A112-3610-9833-012892020162	MS-BRWSA	Common Internet File System (CIFS) Browser Auxiliary Protocol	Browser	v0.0	ncacn_np:browser
AFC07E2E-311C-4435-808C-C483FFEEC7C9	MS-CAPR	Central Access Policy Identifier (ID) Retrieval Protocol	lsacap	v1.0	ncacn_np:lsarpc
906B0CE0-C70B-1067-B317-00DD010662DA	MS-CMPO	MSDTC Connection Manager: OleTx Transports Protocol	IXnRemote	v1.0	
B97DB8B2-4C63-11CF-BFF6-08002BE23F2F	MS-CMRP	Failover Cluster: Management API (ClusAPI) Protocol	ClusAPI	v2.0 v3.0	
7F43B400-1A0E-4D57-BBC9-6B0C65F7A889	MS-COMA	Component Object Model Plus (COM+) Remote Administration Protocol	IAlternateLaunch	v0.0	
47CDE9A1-0BF6-11D2-8016-00C04FB9988E	MS-COMA	Component Object Model Plus (COM+) Remote Administration Protocol	ICapabilitySupport	v0.0	
1D118904-94B3-4A64-9FA6-ED432666A7B9	MS-COMA	Component Object Model Plus (COM+) Remote Administration Protocol	ICatalog64BitSupport	v0.0	
182C40FA-32E4-11D0-818B-00A0C9231C29	MS-COMA	Component Object Model Plus (COM+) Remote Administration Protocol	ICatalogSession	v0.0	
A8927A41-D3CE-11D1-8472-006008B0E5CA	MS-COMA	Component Object Model Plus (COM+) Remote Administration Protocol	ICatalogTableInfo	v0.0	
0E3D6630-B46B-11D1-9D2D-006008B0E5CA	MS-COMA	Component Object Model Plus (COM+) Remote Administration Protocol	ICatalogTableRead	v0.0	
0E3D6631-B46B-11D1-9D2D-006008B0E5CA	MS-COMA	Component Object Model Plus (COM+) Remote Administration Protocol	ICatalogTableWrite	v0.0	
C726744E-5735-4F08-8286-C510EE638FB6	MS-COMA	Component Object Model Plus (COM+) Remote Administration Protocol	ICatalogUtils2	v0.0	
456129E2-1078-11D2-B0F9-00805FC73204	MS-COMA	Component Object Model Plus (COM+) Remote Administration Protocol	ICatalogUtils	v0.0	
6C935649-30A6-4211-8687-C4C83E5FE1C7	MS-COMA	Component Object Model Plus (COM+) Remote Administration Protocol	IContainerControl2	v0.0	
3F3B1B86-DBBE-11D1-9DA6-00805F85CFE3	MS-COMA	Component Object Model Plus (COM+) Remote Administration Protocol	IContainerControl	v0.0	
F131EA3E-B7BE-480E-A60D-51CB2785779E	MS-COMA	Component Object Model Plus (COM+) Remote Administration Protocol	IExport2	v0.0	
CFADAC84-E12C-11D1-B34C-00C04F990D54	MS-COMA	Component Object Model Plus (COM+) Remote Administration Protocol	IExport	v0.0	
1F7B1697-ECB2-4CBB-8A0E-75C427F4A6F0	MS-COMA	Component Object Model Plus (COM+) Remote Administration Protocol	IImport2	v0.0	
C2BE6970-DF9E-11D1-8B87-00C04FD7A924	MS-COMA	Component Object Model Plus (COM+) Remote Administration Protocol	IImport	v0.0	
971668DC-C3FE-4EA1-9643-0C7230F494A1	MS-COMA	Component Object Model Plus (COM+) Remote Administration Protocol	IRegister2	v0.0	
8DB2180E-BD29-11D1-8B7E-00C04FD7A924	MS-COMA	Component Object Model Plus (COM+) Remote Administration Protocol	IRegister	v0.0	
98315903-7BE5-11D2-ADC1-00A02463D6E7	MS-COMA	Component Object Model Plus (COM+) Remote Administration Protocol	IReplicationUtil	v0.0	
97199110-DB2E-11D1-A251-0000F805CA53	MS-COM	Component Object Model Plus (COM+) Protocol	ITransactionStream	v0.0	
F4A07D63-2E25-11D1-9964-00C04FBBB345	MS-COMEV	Component Object Model Plus (COM+) Event System Protocol	IEnumEventObject	v0.0	
FB2B72A1-7A68-11D1-88F9-0080C7D771BF	MS-COMEV	Component Object Model Plus (COM+) Event System Protocol	IEventClass2	v0.0	
7FB7EA43-2D76-4EA8-8CD9-3DECC270295E	MS-COMEV	Component Object Model Plus (COM+) Event System Protocol	IEventClass3	v0.0	
FB2B72A0-7A68-11D1-88F9-0080C7D771BF	MS-COMEV	Component Object Model Plus (COM+) Event System Protocol	IEventClass	v0.0	
F89AC270-D4EB-11D1-B682-00805FC79216	MS-COMEV	Component Object Model Plus (COM+) Event System Protocol	IEventObjectCollection	v0.0	
4A6B0E16-2E38-11D1-9965-00C04FBBB345	MS-COMEV	Component Object Model Plus (COM+) Event System Protocol	IEventSubscription2	v0.0	
FBC1D17D-C498-43A0-81AF-423DDD530AF6	MS-COMEV	Component Object Model Plus (COM+) Event System Protocol	IEventSubscription3	v0.0	
4A6B0E15-2E38-11D1-9965-00C04FBBB345	MS-COMEV	Component Object Model Plus (COM+) Event System Protocol	IEventSubscription	v0.0	
99CC098F-A48A-4E9C-8E58-965C0AFC19D5	MS-COMEV	Component Object Model Plus (COM+) Event System Protocol	IEventSystem2	v0.0	
A0E8F27A-888C-11D1-B763-00C04FB926AF	MS-COMEV	Component Object Model Plus (COM+) Event System Protocol	IEventSystemInitialize	v0.0	
4E14FB9F-2E22-11D1-9964-00C04FBBB345	MS-COMEV	Component Object Model Plus (COM+) Event System Protocol	IEventSystem	v0.0	
4E6CDCC9-FB25-4FD5-9CC5-C9F4B6559CEC	MS-COMT	Component Object Model Plus (COM+) Tracker Service Protocol	IComTrackingInfoEvents	v0.0	
B60040E0-BCF3-11D1-861D-0080C729264D	MS-COMT	Component Object Model Plus (COM+) Tracker Service Protocol	IGetTrackingData	v0.0	
23C9DD26-2355-4FE2-84DE-F779A238ADBD	MS-COMT	Component Object Model Plus (COM+) Tracker Service Protocol	IProcessDump	v0.0	
7FE0D935-DDA6-443F-85D0-1CFB58FE41DD	MS-CSRA	Certificate Services Remote Administration Protocol	ICertAdminD2	v0.0	
D99E6E71-FC88-11D0-B498-00A0C90312F3	MS-CSRA	Certificate Services Remote Administration Protocol	ICertAdminD	v0.0	
D6105110-8917-41A5-AA32-8E0AA2933DC9	MS-CSVP	Failover Cluster: Setup and Validation Protocol (ClusPrep)	IClusterCleanup	v0.0	
F1D6C29C-8FBE-4691-8724-F6D8DEAEAFC8	MS-CSVP	Failover Cluster: Setup and Validation Protocol (ClusPrep)	IClusterFirewall	v0.0	
85923CA7-1B6B-4E83-A2E4-F5BA3BFBB8A3	MS-CSVP	Failover Cluster: Setup and Validation Protocol (ClusPrep)	IClusterLog	v0.0	
2931C32C-F731-4C56-9FEB-3D5F1C5E72BF	MS-CSVP	Failover Cluster: Setup and Validation Protocol (ClusPrep)	IClusterNetwork2	v0.0	
491260B5-05C9-40D9-B7F2-1F7BDAE0927F	MS-CSVP	Failover Cluster: Setup and Validation Protocol (ClusPrep)	IClusterSetup	v0.0	
12108A88-6858-4467-B92F-E6CF4568DFB6	MS-CSVP	Failover Cluster: Setup and Validation Protocol (ClusPrep)	IClusterStorage2	v0.0	
11942D87-A1DE-4E7F-83FB-A840D9C5928D	MS-CSVP	Failover Cluster: Setup and Validation Protocol (ClusPrep)	IClusterStorage3	v0.0	
E3C9B851-C442-432B-8FC6-A7FAAFC09D3B	MS-CSVP	Failover Cluster: Setup and Validation Protocol (ClusPrep)	IClusterUpdate	v0.0	
4D9F4AB8-7D1C-11CF-861E-0020AF6E7C57	MS-DCOM	Distributed Component Object Model (DCOM) Remote Protocol	IActivation	v0.0	ncacn_ip_tcp:135
99FCFEC4-5260-101B-BBCB-00AA0021347A	MS-DCOM	Distributed Component Object Model (DCOM) Remote Protocol	IObjectExporter	v0.0	ncacn_ip_tcp:135
000001A0-0000-0000-C000-000000000046	MS-DCOM	Distributed Component Object Model (DCOM) Remote Protocol	IRemoteSCMActivator	v0.0	ncacn_ip_tcp:135
00000143-0000-0000-C000-000000000046	MS-DCOM	Distributed Component Object Model (DCOM) Remote Protocol	IRemUnknown2	v0.0	
00000131-0000-0000-C000-000000000046	MS-DCOM	Distributed Component Object Model (DCOM) Remote Protocol	IRemUnknown	v0.0	
00000000-0000-0000-C000-000000000046	MS-DCOM	Distributed Component Object Model (DCOM) Remote Protocol	IUnknown	v0.0	
4FC742E0-4A10-11CF-8273-00AA004AE673	MS-DFSNM	Distributed File System (DFS): Namespace Management Protocol	NetDFS	v3.0	ncacn_np:NETDFS
C4B0C7D9-ABE0-4733-A1E1-9FDEDF260C7A	MS-DFSRH	DFS Replication Helper Protocol	IADProxy2	v0.0	
4BB8AB1D-9EF9-4100-8EB6-DD4B4E418B72	MS-DFSRH	DFS Replication Helper Protocol	IADProxy	v0.0	
20D15747-6C48-4254-A358-65039FD8C63C	MS-DFSRH	DFS Replication Helper Protocol	IServerHealthReport2	v0.0	
E65E8028-83E8-491B-9AF7-AAF6BD51A0CE	MS-DFSRH	DFS Replication Helper Protocol	IServerHealthReport	v0.0	
5B821720-F63B-11D0-AAD2-00C04FC324DB	MS-DHCPM	Microsoft Dynamic Host Configuration Protocol (DHCP) Server Management Protocol	dhcpsrv2	v1.0	ncacn_np:DHCPSERVER
6BFFD098-A112-3610-9833-46C3F874532D	MS-DHCPM	Microsoft Dynamic Host Configuration Protocol (DHCP) Server Management Protocol	dhcpsrv	v1.0	ncacn_np:DHCPSERVER
4DA1C422-943D-11D1-ACAE-00C04FC2AA3F	MS-DLTM	Distributed Link Tracking: Central Manager Protocol	trksvr	v1.0	
300F3532-38CC-11D0-A3F0-0020AF6B0ADD	MS-DLTW	Distributed Link Tracking: Workstation Protocol	trkwks	v1.2	ncacn_np:ntsvcs ncacn_np:trkwks
D2D79DF7-3400-11D0-B40B-00AA005FF586	MS-DMRP	Disk Management Remote Protocol	IDMNotify	v0.0	
3A410F21-553F-11D1-8E5E-00A0C92C9D5D	MS-DMRP	Disk Management Remote Protocol	IDMRemoteServer	v0.0	
4BDAFC52-FE6A-11D2-93F8-00105A11164A	MS-DMRP	Disk Management Remote Protocol	IVolumeClient2	v0.0	
135698D2-3A37-4D26-99DF-E2BB6AE3AC61	MS-DMRP	Disk Management Remote Protocol	IVolumeClient3	v0.0	
DEB01010-3A37-4D26-99DF-E2BB6AE3AC61	MS-DMRP	Disk Management Remote Protocol	IVolumeClient4	v0.0	
D2D79DF5-3400-11D0-B40B-00AA005FF586	MS-DMRP	Disk Management Remote Protocol	IVolumeClient	v0.0	
50ABC2A4-574D-40B3-9D66-EE4FD5FBA076	MS-DNSP	Domain Name Service (DNS) Server Management Protocol	DnsServer	v5.0	ncacn_np:DNSSERVER
E3514235-4B06-11D1-AB04-00C04FC2DCD2	MS-DRSR	Directory Replication Service (DRS) Remote Protocol	drsuapi	v4.0	
7C44D7D4-31D5-424C-BD5E-2B3E1F323D22	MS-DRSR	Directory Replication Service (DRS) Remote Protocol	dsaop	v1.0	
3919286A-B10C-11D0-9BA8-00C04FD92EF5	MS-DSSP	Directory Services Setup Remote Protocol	dssetup	v0.0	ncacn_np:lsarpc
df1941c5-fe89-4e79-bf10-463657acf44d	MS-EFSR	Encrypting File System Remote (EFSRPC) Protocol	efsrpc	v1.0	ncacn_np:efsrpc
C681D488-D850-11D0-8C52-00C04FD90F7E	MS-EFSR	Encrypting File System Remote (EFSRPC) Protocol	lsarpc	v1.0	ncacn_np:lsarpc
F6BEAFF7-1E19-4FBB-9F8F-B89E2018337C	MS-EVEN6	EventLog Remoting Protocol Version 6.0	Eventlog	v1.0	
82273FDC-E32A-18C3-3F78-827929DC23EA	MS-EVEN	EventLog Remoting Protocol	eventlog	v0.0	ncacn_np:eventlog
6B5BDD1E-528C-422C-AF8C-A4079BE4FE48	MS-FASP	Firewall and Advanced Security Protocol	RemoteFW	v1.0	
6099FC12-3EFF-11D0-ABD0-00C04FD91A4E	MS-FAX	Fax Server and Client Remote Protocol	faxclient	v3.0	
EA0A3165-4834-11D2-A6F8-00C04FA346CC	MS-FAX	Fax Server and Client Remote Protocol	fax	v4.0	ncacn_np:SHAREDFAX
F5CC59B4-4264-101A-8C59-08002B2F8426	MS-FRS1	File Replication Service Protocol	frsrpc	v1.1	
D049B186-814F-11D1-9A3C-00C04FC9B232	MS-FRS1	File Replication Service Protocol	NtFrsApi	v1.1	
897E2E5F-93F3-4376-9C9C-FD2277495C27	MS-FRS2	Distributed File System Replication Protocol	FrsTransport	v1.0	
5BC1ED07-F5F5-485F-9DFD-6FD0ACF9A23C	MS-FRS2	Distributed File System Replication Protocol	DfsrEndpoint	v1.0	
12937789-E247-4917-9C20-F3EE9C7EE783	MS-FSRM	File Server Resource Manager Protocol	IFsrmActionCommand	v0.0	
8276702F-2532-4839-89BF-4872609A2EA4	MS-FSRM	File Server Resource Manager Protocol	IFsrmActionEmail2	v0.0	
D646567D-26AE-4CAA-9F84-4E0AAD207FCA	MS-FSRM	File Server Resource Manager Protocol	IFsrmActionEmail	v0.0	
4C8F96C3-5D94-4F37-A4F4-F56AB463546F	MS-FSRM	File Server Resource Manager Protocol	IFsrmActionEventLog	v0.0	
2DBE63C4-B340-48A0-A5B0-158E07FC567E	MS-FSRM	File Server Resource Manager Protocol	IFsrmActionReport	v0.0	
6CD6408A-AE60-463B-9EF1-E117534D69DC	MS-FSRM	File Server Resource Manager Protocol	IFsrmAction	v0.0	
F82E5729-6ABA-4740-BFC7-C7F58F75FB7B	MS-FSRM	File Server Resource Manager Protocol	IFsrmAutoApplyQuota	v0.0	
D2DC89DA-EE91-48A0-85D8-CC72A56F7D04	MS-FSRM	File Server Resource Manager Protocol	IFsrmClassificationManager	v0.0	
AFC052C2-5315-45AB-841B-C6DB0E120148	MS-FSRM	File Server Resource Manager Protocol	IFsrmClassificationRule	v0.0	
BB36EA26-6318-4B8C-8592-F72DD602E7A5	MS-FSRM	File Server Resource Manager Protocol	IFsrmClassifierModuleDefinition	v0.0	
F76FBF3B-8DDD-4B42-B05A-CB1C3FF1FEE8	MS-FSRM	File Server Resource Manager Protocol	IFsrmCollection	v0.0	
96DEB3B5-8B91-4A2A-9D93-80A35D8AA847	MS-FSRM	File Server Resource Manager Protocol	IFsrmCommittableCollection	v0.0	
39322A2D-38EE-4D0D-8095-421A80849A82	MS-FSRM	File Server Resource Manager Protocol	IFsrmDerivedObjectsResult	v0.0	
AD55F10B-5F11-4BE7-94EF-D9EE2E470DED	MS-FSRM	File Server Resource Manager Protocol	IFsrmFileGroupImported	v0.0	
426677D5-018C-485C-8A51-20B86D00BDC4	MS-FSRM	File Server Resource Manager Protocol	IFsrmFileGroupManager	v0.0	
8DD04909-0E34-4D55-AFAA-89E1F1A1BBB9	MS-FSRM	File Server Resource Manager Protocol	IFsrmFileGroup	v0.0	
EE321ECB-D95E-48E9-907C-C7685A013235	MS-FSRM	File Server Resource Manager Protocol	IFsrmFileManagementJobManager	v0.0	
0770687E-9F36-4D6F-8778-599D188461C9	MS-FSRM	File Server Resource Manager Protocol	IFsrmFileManagementJob	v0.0	
F3637E80-5B22-4A2B-A637-BBB642B41CFC	MS-FSRM	File Server Resource Manager Protocol	IFsrmFileScreenBase	v0.0	
BEE7CE02-DF77-4515-9389-78F01C5AFC1A	MS-FSRM	File Server Resource Manager Protocol	IFsrmFileScreenException	v0.0	
FF4FA04E-5A94-4BDA-A3A0-D5B4D3C52EBA	MS-FSRM	File Server Resource Manager Protocol	IFsrmFileScreenManager	v0.0	
E1010359-3E5D-4ECD-9FE4-EF48622FDF30	MS-FSRM	File Server Resource Manager Protocol	IFsrmFileScreenTemplateImported	v0.0	
CFE36CBA-1949-4E74-A14F-F1D580CEAF13	MS-FSRM	File Server Resource Manager Protocol	IFsrmFileScreenTemplateManager	v0.0	
205BEBF8-DD93-452A-95A6-32B566B35828	MS-FSRM	File Server Resource Manager Protocol	IFsrmFileScreenTemplate	v0.0	
5F6325D3-CE88-4733-84C1-2D6AEFC5EA07	MS-FSRM	File Server Resource Manager Protocol	IFsrmFileScreen	v0.0	
1BB617B8-3886-49DC-AF82-A6C90FA35DDA	MS-FSRM	File Server Resource Manager Protocol	IFsrmMutableCollection	v0.0	
22BCEF93-4A3F-4183-89F9-2F8B8A628AEE	MS-FSRM	File Server Resource Manager Protocol	IFsrmObject	v0.0	
6F4DBFFF-6920-4821-A6C3-B7E94C1FD60C	MS-FSRM	File Server Resource Manager Protocol	IFsrmPathMapper	v0.0	
515C1277-2C81-440E-8FCF-367921ED4F59	MS-FSRM	File Server Resource Manager Protocol	IFsrmPipelineModuleDefinition	v0.0	
326AF66F-2AC0-4F68-BF8C-4759F054FA29	MS-FSRM	File Server Resource Manager Protocol	IFsrmPropertyCondition	v0.0	
47782152-D16C-4229-B4E1-0DDFE308B9F6	MS-FSRM	File Server Resource Manager Protocol	IFsrmPropertyDefinition2	v0.0	
EDE0150F-E9A3-419C-877C-01FE5D24C5D3	MS-FSRM	File Server Resource Manager Protocol	IFsrmPropertyDefinition	v0.0	
E946D148-BD67-4178-8E22-1C44925ED710	MS-FSRM	File Server Resource Manager Protocol	IFsrmPropertyDefinitionValue	v0.0	
4A73FEE4-4102-4FCC-9FFB-38614F9EE768	MS-FSRM	File Server Resource Manager Protocol	IFsrmProperty	v0.0	
1568A795-3924-4118-B74B-68D8F0FA5DAF	MS-FSRM	File Server Resource Manager Protocol	IFsrmQuotaBase	v0.0	
4846CB01-D430-494F-ABB4-B1054999FB09	MS-FSRM	File Server Resource Manager Protocol	IFsrmQuotaManagerEx	v0.0	
8BB68C7D-19D8-4FFB-809E-BE4FC1734014	MS-FSRM	File Server Resource Manager Protocol	IFsrmQuotaManager	v0.0	
42DC3511-61D5-48AE-B6DC-59FC00C0A8D6	MS-FSRM	File Server Resource Manager Protocol	IFsrmQuotaObject	v0.0	
9A2BF113-A329-44CC-809A-5C00FCE8DA40	MS-FSRM	File Server Resource Manager Protocol	IFsrmQuotaTemplateImported	v0.0	
4173AC41-172D-4D52-963C-FDC7E415F717	MS-FSRM	File Server Resource Manager Protocol	IFsrmQuotaTemplateManager	v0.0	
A2EFAB31-295E-46BB-B976-E86D58B52E8B	MS-FSRM	File Server Resource Manager Protocol	IFsrmQuotaTemplate	v0.0	
377F739D-9647-4B8E-97D2-5FFCE6D759CD	MS-FSRM	File Server Resource Manager Protocol	IFsrmQuota	v0.0	
38E87280-715C-4C7D-A280-EA1651A19FEF	MS-FSRM	File Server Resource Manager Protocol	IFsrmReportJob	v0.0	
27B899FE-6FFA-4481-A184-D3DAADE8A02B	MS-FSRM	File Server Resource Manager Protocol	IFsrmReportManager	v0.0	
6879CAF9-6617-4484-8719-71C3D8645F94	MS-FSRM	File Server Resource Manager Protocol	IFsrmReportScheduler	v0.0	
D8CC81D9-46B8-4FA4-BFA5-4AA9DEC9B638	MS-FSRM	File Server Resource Manager Protocol	IFsrmReport	v0.0	
CB0DF960-16F5-4495-9079-3F9360D831DF	MS-FSRM	File Server Resource Manager Protocol	IFsrmRule	v0.0	
F411D4FD-14BE-4260-8C40-03B7C95E608A	MS-FSRM	File Server Resource Manager Protocol	IFsrmSetting	v0.0	
15A81350-497D-4ABA-80E9-D4DBCC5521FE	MS-FSRM	File Server Resource Manager Protocol	IFsrmStorageModuleDefinition	v0.0	
A8E0653C-2744-4389-A61D-7373DF8B2292	MS-FSRVP	File Server Remote VSS Protocol	FileServerVssAgent	v3.0	ncacn_np:FssagentRpc
B9785960-524F-11DF-8B6D-83DCDED72085	MS-GKDI	Group Key Distribution Protocol	ISDKey	v1.0	
91AE6020-9E3C-11CF-8D7C-00AA00C091BE	MS-ICPR	ICertPassage Remote Protocol	ICertPassage	v0.0	ncacn_np:cert
E8FB8620-588F-11D2-9D61-00C04F79C5FE	MS-IISS	Internet Information Services (IIS) ServiceControl	IIisServiceControl	v0.0	
7C4E1804-E342-483D-A43E-A850CFCC8D18	MS-IMSA	Internet Information Services (IIS) IMSAdminBaseW Remote Protocol	IIISApplicationAdmin	v0.0	
BD0C73BC-805B-4043-9C30-9A28D64DD7D2	MS-IMSA	Internet Information Services (IIS) IMSAdminBaseW Remote Protocol	IIISCertObj	v0.0	
8298D101-F992-43B7-8ECA-5052D885B995	MS-IMSA	Internet Information Services (IIS) IMSAdminBaseW Remote Protocol	IMSAdminBase2W	v0.0	
F612954D-3B0B-4C56-9563-227B7BE624B4	MS-IMSA	Internet Information Services (IIS) IMSAdminBaseW Remote Protocol	IMSAdminBase3W	v0.0	
70B51430-B6CA-11D0-B9B9-00A0C922E750	MS-IMSA	Internet Information Services (IIS) IMSAdminBaseW Remote Protocol	IMSAdminBaseW	v0.0	
29822AB8-F302-11D0-9953-00C04FD919C1	MS-IMSA	Internet Information Services (IIS) IMSAdminBaseW Remote Protocol	IWamAdmin2	v0.0	
29822AB7-F302-11D0-9953-00C04FD919C1	MS-IMSA	Internet Information Services (IIS) IMSAdminBaseW Remote Protocol	IWamAdmin	v0.0	
C3FCC19E-A970-11D2-8B5A-00A0C9B7C9C4	MS-IOI	IManagedObject Interface Protocol	IManagedObject	v0.0	
6619A740-8154-43BE-A186-0319578E02DB	MS-IOI	IManagedObject Interface Protocol	IRemoteDispatch	v0.0	
8165B19E-8D3A-4D0B-80C8-97DE310DB583	MS-IOI	IManagedObject Interface Protocol	IServicedComponentInfo	v0.0	
82AD4280-036B-11CF-972C-00AA006887B0	MS-IRP	Internet Information Services (IIS) Inetinfo Remote	inetinfo	v2.0	ncacn_np:inetinfo
28BC8D5E-CA4B-4F54-973C-ED9622D2B3AC	MS-ISTM	iSCSI Software Target Management Protocol	IDirectoryEnum	v0.0	
F093FE3D-8131-4B73-A742-EF54C20B337B	MS-ISTM	iSCSI Software Target Management Protocol	IEnumCachedInitiator	v0.0	
6AEA6B26-0680-411D-8877-A148DF3087D5	MS-ISTM	iSCSI Software Target Management Protocol	IEnumConnection	v0.0	
A5ECFC73-0013-4A9E-951C-59BF9735FDDA	MS-ISTM	iSCSI Software Target Management Protocol	IEnumDisk2	v0.0	
BB39E296-AD26-42C5-9890-5325333BB11E	MS-ISTM	iSCSI Software Target Management Protocol	IEnumDisk	v0.0	
E141FD54-B79E-4938-A6BB-D523C3D49FF1	MS-ISTM	iSCSI Software Target Management Protocol	IEnumHost	v0.0	
345B026B-5802-4E38-AC75-795E08B0B83F	MS-ISTM	iSCSI Software Target Management Protocol	IEnumIDMethod	v0.0	
100DA538-3F4A-45AB-B852-709148152789	MS-ISTM	iSCSI Software Target Management Protocol	IEnumLMMountPoint	v0.0	
1995785D-2A1E-492F-8923-E621EACA39D9	MS-ISTM	iSCSI Software Target Management Protocol	IEnumPortal	v0.0	
640038F1-D626-40D8-B52B-09660601D045	MS-ISTM	iSCSI Software Target Management Protocol	IEnumResourceGroup	v0.0	
442931D5-E522-4E64-A181-74E98A4E1748	MS-ISTM	iSCSI Software Target Management Protocol	IEnumSession2	v0.0	
40CC8569-6D23-4005-9958-E37F08AE192B	MS-ISTM	iSCSI Software Target Management Protocol	IEnumSession	v0.0	
66C9B082-7794-4948-839A-D8A5A616378F	MS-ISTM	iSCSI Software Target Management Protocol	IEnumSnapshot	v0.0	
E2842C88-07C3-4EB0-B1A9-D3D95E76FEF2	MS-ISTM	iSCSI Software Target Management Protocol	IEnumSnsServer	v0.0	
8C58F6B3-4736-432A-891D-389DE3505C7C	MS-ISTM	iSCSI Software Target Management Protocol	IEnumVolume2	v0.0	
81FE3594-2495-4C91-95BB-EB5785614EC7	MS-ISTM	iSCSI Software Target Management Protocol	IEnumVolume	v0.0	
1396DE6F-A794-4B11-B93F-6B69A5B47BAE	MS-ISTM	iSCSI Software Target Management Protocol	IEnumWTDiskLunMapping	v0.0	
56E65EA5-CDFF-4391-BA76-006E42C2D746	MS-ISTM	iSCSI Software Target Management Protocol	IEnumWTDisk	v0.0	
B4FA8E86-2517-4A88-BD67-75447219EEE4	MS-ISTM	iSCSI Software Target Management Protocol	IHost2	v0.0	
FE7F99F9-1DFB-4AFB-9D00-6A8DD0AABF2C	MS-ISTM	iSCSI Software Target Management Protocol	IHost3	v0.0	
DD6F0A28-248F-4DD3-AFE9-71AED8F685C4	MS-ISTM	iSCSI Software Target Management Protocol	IHostMgr2	v0.0	
01454B97-C6A5-4685-BEA8-9779C88AB990	MS-ISTM	iSCSI Software Target Management Protocol	IHostMgr3	v0.0	
B06A64E3-814E-4FF9-AFAC-597AD32517C7	MS-ISTM	iSCSI Software Target Management Protocol	IHostMgr	v0.0	
B0076FEC-A921-4034-A8BA-090BC6D03BDE	MS-ISTM	iSCSI Software Target Management Protocol	IHost	v0.0	
B0D1AC4B-F87A-49B2-938F-D439248575B2	MS-ISTM	iSCSI Software Target Management Protocol	ILocalDeviceMgr2	v0.0	
E645744B-CAE5-4712-ACAF-13057F7195AF	MS-ISTM	iSCSI Software Target Management Protocol	ILocalDeviceMgr3	v0.0	
8AD608A4-6C16-4405-8879-B27910A68995	MS-ISTM	iSCSI Software Target Management Protocol	ILocalDeviceMgr	v0.0	
C10A76D8-1FE4-4C2F-B70D-665265215259	MS-ISTM	iSCSI Software Target Management Protocol	ISessionManager2	v0.0	
8D7AE740-B9C5-49FC-A11E-89171907CB86	MS-ISTM	iSCSI Software Target Management Protocol	ISessionManager	v0.0	
4E65A71E-4EDE-4886-BE67-3C90A08D1F29	MS-ISTM	iSCSI Software Target Management Protocol	ISnapshotMgr	v0.0	
883343F1-CEED-4E3A-8C1B-F0DADFCE281E	MS-ISTM	iSCSI Software Target Management Protocol	ISnapshot	v0.0	
1B1C4D1C-ABC4-4D3A-8C22-547FBA3AA8A0	MS-ISTM	iSCSI Software Target Management Protocol	ISnsMgr	v0.0	
312CC019-D5CD-4CA7-8C10-9E0A661F147E	MS-ISTM	iSCSI Software Target Management Protocol	IStatusNotify	v0.0	
348A0821-69BB-4889-A101-6A9BDE6FA720	MS-ISTM	iSCSI Software Target Management Protocol	IWTDisk2	v0.0	
1822A95E-1C2B-4D02-AB25-CC116DD9DBDE	MS-ISTM	iSCSI Software Target Management Protocol	IWTDisk3	v0.0	
592381E5-8D3C-42E9-B7DE-4E77A1F75AE4	MS-ISTM	iSCSI Software Target Management Protocol	IWTDiskMgr2	v0.0	
D6BD6D63-E8CB-4905-AB34-8A278C93197A	MS-ISTM	iSCSI Software Target Management Protocol	IWTDiskMgr3	v0.0	
703E6B03-7AD1-4DED-BA0D-E90496EBC5DE	MS-ISTM	iSCSI Software Target Management Protocol	IWTDiskMgr4	v0.0	
52BA97E7-9364-4134-B9CB-F8415213BDD8	MS-ISTM	iSCSI Software Target Management Protocol	IWTDiskMgr	v0.0	
866A78BC-A2FB-4AC4-94D5-DB3041B4ED75	MS-ISTM	iSCSI Software Target Management Protocol	IWTDisk	v0.0	
3C73848A-A679-40C5-B101-C963E67F9949	MS-ISTM	iSCSI Software Target Management Protocol	IWTGeneral2	v0.0	
D71B2CAE-33E8-4567-AE96-3CCF31620BE2	MS-ISTM	iSCSI Software Target Management Protocol	IWTGeneral	v0.0	
22E5386D-8B12-4BF0-B0EC-6A1EA419E366	MS-LREC	Live Remote Event Capture (LREC) Protocol	NetEventForwarder	v1.0	
12345778-1234-ABCD-EF00-0123456789AB	MS-LSAD	Local Security Authority (Domain Policy) Remote Protocol	lsarpc	v0.0	ncacn_np:lsarpc
12345778-1234-ABCD-EF00-0123456789AB	MS-LSAT	Local Security Authority (Translation Methods) Remote Protocol	lsarpc	v0.0	ncacn_np:lsarpc
708CCA10-9569-11D1-B2A5-0060977D8118	MS-MQDS	Message Queuing (MSMQ): Directory Service Protocol	dscomm2	v1.0	
77DF7A80-F298-11D0-8358-00A024C480A8	MS-MQDS	Message Queuing (MSMQ): Directory Service Protocol	dscomm	v1.0	
76D12B80-3467-11D3-91FF-0090272F9EA3	MS-MQMP	Message Queuing (MSMQ): Queue Manager Client Protocol	qmcomm2	v1.0	
FDB3A030-065F-11D1-BB9B-00A024EA5525	MS-MQMP	Message Queuing (MSMQ): Queue Manager Client Protocol	qmcomm	v1.0	
41208EE0-E970-11D1-9B9E-00E02C064C39	MS-MQMR	Message Queuing (MSMQ): Queue Manager Management Protocol	qmmgmt	v1.0	
1088A980-EAE5-11D0-8D9B-00A02453C337	MS-MQQP	Message Queuing (MSMQ): Queue Manager to Queue Manager Protocol	qm2qm	v1.0	
1A9134DD-7B39-45BA-AD88-44D01CA47F28	MS-MQRR	Message Queuing (MSMQ): Queue Manager Remote Read Protocol	RemoteRead	v1.0	
5a7b91f8-ff00-11d0-a9b2-00c04fb6e6fc	MS-MSRP	Messenger Service Remote Protocol	msgsvcsend	v1.0	
17FDD703-1827-4E34-79D4-24A55C53BB37	MS-MSRP	Messenger Service Remote Protocol	msgsvc	v1.0	ncacn_np:MSGSVC
12345678-1234-ABCD-EF00-01234567CFFB	MS-NRPC	Netlogon Remote Protocol	logon	v1.0	ncacn_np:NETLOGON
F5CC5A18-4264-101A-8C59-08002B2F8426	MS-NSPI	Name Service Provider Interface (NSPI) Protocol	nspi	v56.0	
00020400-0000-0000-C000-000000000046	MS-OAUT	OLE Automation Protocol	IDispatch	v0.0	
00020404-0000-0000-C000-000000000046	MS-OAUT	OLE Automation Protocol	IEnumVARIANT	v0.0	
00020403-0000-0000-C000-000000000046	MS-OAUT	OLE Automation Protocol	ITypeComp	v0.0	
00020412-0000-0000-C000-000000000046	MS-OAUT	OLE Automation Protocol	ITypeInfo2	v0.0	
00020401-0000-0000-C000-000000000046	MS-OAUT	OLE Automation Protocol	ITypeInfo	v0.0	
00020411-0000-0000-C000-000000000046	MS-OAUT	OLE Automation Protocol	ITypeLib2	v0.0	
00020402-0000-0000-C000-000000000046	MS-OAUT	OLE Automation Protocol	ITypeLib	v0.0	
00000000-0000-0000-0000-000000000046	MS-OAUT	OLE Automation Protocol	IUnknown	v0.0	
784B693D-95F3-420B-8126-365C098659F2	MS-OCSPA	Microsoft OCSP Administration Protocol	IOCSPAdminD	v0.0	
0B6EDBFA-4A24-4FC6-8A23-942B1ECA65D1	MS-PAN	Print System Asynchronous Notification Protocol	IRPCAsyncNotify	v0.0	
AE33069B-A2A8-46EE-A235-DDFD339BE281	MS-PAN	Print System Asynchronous Notification Protocol	IRPCRemoteObject	v0.0	
76F03F96-CDFD-44FC-A22C-64950A001209	MS-PAR	Print System Asynchronous Remote Protocol	IRemoteWinspool	v0.0	
DA5A86C5-12C2-4943-AB30-7F74A813D853	MS-PCQ	Performance Counter Query Protocol	PerflibV2	v1.0	ncacn_np:winreg
03837516-098B-11D8-9414-505054503030	MS-PLA	Performance Logs and Alerts Protocol	IAlertDataCollector	v0.0	
0383751A-098B-11D8-9414-505054503030	MS-PLA	Performance Logs and Alerts Protocol	IApiTracingDataCollector	v0.0	
03837514-098B-11D8-9414-505054503030	MS-PLA	Performance Logs and Alerts Protocol	IConfigurationDataCollector	v0.0	
03837502-098B-11D8-9414-505054503030	MS-PLA	Performance Logs and Alerts Protocol	IDataCollectorCollection	v0.0	
03837524-098B-11D8-9414-505054503030	MS-PLA	Performance Logs and Alerts Protocol	IDataCollectorSetCollection	v0.0	
03837520-098B-11D8-9414-505054503030	MS-PLA	Performance Logs and Alerts Protocol	IDataCollectorSet	v0.0	
038374FF-098B-11D8-9414-505054503030	MS-PLA	Performance Logs and Alerts Protocol	IDataCollector	v0.0	
03837541-098B-11D8-9414-505054503030	MS-PLA	Performance Logs and Alerts Protocol	IDataManager	v0.0	
03837544-098B-11D8-9414-505054503030	MS-PLA	Performance Logs and Alerts Protocol	IFolderActionCollection	v0.0	
03837543-098B-11D8-9414-505054503030	MS-PLA	Performance Logs and Alerts Protocol	IFolderAction	v0.0	
03837506-098B-11D8-9414-505054503030	MS-PLA	Performance Logs and Alerts Protocol	IPerformanceCounterDataCollector	v0.0	
0383753D-098B-11D8-9414-505054503030	MS-PLA	Performance Logs and Alerts Protocol	IScheduleCollection	v0.0	
0383753A-098B-11D8-9414-505054503030	MS-PLA	Performance Logs and Alerts Protocol	ISchedule	v0.0	
0383750B-098B-11D8-9414-505054503030	MS-PLA	Performance Logs and Alerts Protocol	ITraceDataCollector	v0.0	
03837510-098B-11D8-9414-505054503030	MS-PLA	Performance Logs and Alerts Protocol	ITraceDataProviderCollection	v0.0	
03837512-098B-11D8-9414-505054503030	MS-PLA	Performance Logs and Alerts Protocol	ITraceDataProvider	v0.0	
03837533-098B-11D8-9414-505054503030	MS-PLA	Performance Logs and Alerts Protocol	IValueMapItem	v0.0	
03837534-098B-11D8-9414-505054503030	MS-PLA	Performance Logs and Alerts Protocol	IValueMap	v0.0	
0B1C2170-5732-4E0E-8CD3-D9B16F3B84D7	MS-RAA	Remote Authorization API Protocol	authzr	v0.0	
5FC860E0-6F6E-4FC2-83CD-46324F25E90B	MS-RAA	Ignore Central Policy Object	IgnoreCentralPolicy	v0.0	
9A81C2BD-A525-471D-A4ED-49907C0B23DA	MS-RAA	Take Central Policy Into Account Object	UseCentralPolicy	v0.0	
C323BE28-E546-4C23-A81B-D6AD8D8FAC7B	MS-RAINPS	Remote Administrative Interface: Network Policy Server (NPS) Protocol	IIASDataStoreComServer2	v0.0	
83E05BD5-AEC1-4E58-AE50-E819C7296F67	MS-RAINPS	Remote Administrative Interface: Network Policy Server (NPS) Protocol	IIASDataStoreComServer	v0.0	
833E4100-AFF7-4AC3-AAC2-9F24C1457BCE	MS-RAI	Remote Assistance Initiation Protocol	IPCHCollection	v0.0	
833E4200-AFF7-4AC3-AAC2-9F24C1457BCE	MS-RAI	Remote Assistance Initiation Protocol	IPCHService	v0.0	
F120A684-B926-447F-9DF4-C966CB785648	MS-RAI	Remote Assistance Initiation Protocol	IRASrv	v0.0	
833E41AA-AFF7-4AC3-AAC2-9F24C1457BCE	MS-RAI	Remote Assistance Initiation Protocol	ISAFSession	v0.0	
811109BF-A4E1-11D1-AB54-00A0C91E9B45	MS-RAIW	Remote Administrative Interface: WINS	winsif2	v1.0	ncacn_np:WinsPipe
45F52C28-7F9F-101A-B52B-08002B2EFABE	MS-RAIW	Remote Administrative Interface: WINS	winsif	v1.0	ncacn_np:WinsPipe
A35AF600-9CF4-11CD-A076-08002B2BD711	MS-RDPESC	Remote Desktop Protocol: Smart Card Virtual Channel Extension	TypeScardPack	v1.0	
E1AF8308-5D1F-11C9-91A4-08002B14A0FA	MS-RPCE	Endpoint Mapper Protocol	EndpointMapper	v3.0	ncacn_ip_tcp:135 ncacn_np:epmapper ncacn_http:593
AFA8BD80-7D8A-11C9-BEF4-08002B102989	MS-RPCE	Remote Management Protocol	RemoteManagement	v1.0	ncacn_ip_tcp:135
71710533-BEBA-4937-8319-B5DBEF9CCC36	MS-RPCE	Transfer Syntax NDR64	TransferNDR64	v1.0	
8A885D04-1CEB-11C9-9FE8-08002B104860	MS-RPCE	Transfer Syntax NDR	TransferNDR	v2.0	
E33C0CC4-0482-101A-BC0C-02608C6BA218	MS-RPCL	Remote Procedure Call Location Services Extensions	LocToLoc	v1.0	ncacn_np:Locator
12345678-1234-ABCD-EF00-0123456789AB	MS-RPRN	Print System Remote Protocol	winspool	v1.0	ncacn_np:spoolss
8F09F000-B7ED-11CE-BBD2-00001A181CAD	MS-RRASM	Routing and Remote Access Server (RRAS) Management Protocol	DIMSVC	v0.0	
66A2DB22-D706-11D0-A37B-00C04FC9DA04	MS-RRASM	Routing and Remote Access Server (RRAS) Management Protocol	IRemoteICFICSConfig	v0.0	
6139D8A4-E508-4EBB-BAC7-D7F275145897	MS-RRASM	Routing and Remote Access Server (RRAS) Management Protocol	IRemoteIPV6Config	v0.0	
66A2DB1B-D706-11D0-A37B-00C04FC9DA04	MS-RRASM	Routing and Remote Access Server (RRAS) Management Protocol	IRemoteNetworkConfig	v0.0	
66A2DB20-D706-11D0-A37B-00C04FC9DA04	MS-RRASM	Routing and Remote Access Server (RRAS) Management Protocol	IRemoteRouterRestart	v0.0	
66A2DB21-D706-11D0-A37B-00C04FC9DA04	MS-RRASM	Routing and Remote Access Server (RRAS) Management Protocol	IRemoteSetDnsConfig	v0.0	
5FF9BDF6-BD91-4D8B-A614-D6317ACC8DD8	MS-RRASM	Routing and Remote Access Server (RRAS) Management Protocol	IRemoteSstpCertCheck	v0.0	
67E08FC2-2984-4B62-B92E-FC1AAE64BBBB	MS-RRASM	Routing and Remote Access Server (RRAS) Management Protocol	IRemoteStringIdConfig	v0.0	
20610036-FA22-11CF-9823-00A0C911E5DF	MS-RRASM	Routing and Remote Access Server (RRAS) Management Protocol	RASRPC	v1.0	ncacn_np:ROUTER
338CD001-2244-31F1-AAAA-900038001003	MS-RRP	Windows Remote Registry Protocol	winreg	v1.0	ncacn_np:winreg
879C8BBE-41B0-11D1-BE11-00C04FB6BF70	MS-RSMP	Removable Storage Manager (RSM) Remote Protocol	IClientSink	v0.0	
081E7188-C080-4FF3-9238-29F66D6CABFD	MS-RSMP	Removable Storage Manager (RSM) Remote Protocol	IMessenger	v0.0	
4E934F30-341A-11D1-8FB1-00A024CB6019	MS-RSMP	Removable Storage Manager (RSM) Remote Protocol	INtmsLibraryControl1	v0.0	
DB90832F-6910-4D46-9F5E-9FD6BFA73903	MS-RSMP	Removable Storage Manager (RSM) Remote Protocol	INtmsLibraryControl2	v0.0	
D02E4BE0-3419-11D1-8FB1-00A024CB6019	MS-RSMP	Removable Storage Manager (RSM) Remote Protocol	INtmsMediaServices1	v0.0	
BB39332C-BFEE-4380-AD8A-BADC8AFF5BB6	MS-RSMP	Removable Storage Manager (RSM) Remote Protocol	INtmsNotifySink	v0.0	
69AB7050-3059-11D1-8FAF-00A024CB6019	MS-RSMP	Removable Storage Manager (RSM) Remote Protocol	INtmsObjectInfo1	v0.0	
B057DC50-3059-11D1-8FAF-00A024CB6019	MS-RSMP	Removable Storage Manager (RSM) Remote Protocol	INtmsObjectManagement1	v0.0	
895A2C86-270D-489D-A6C0-DC2A9B35280E	MS-RSMP	Removable Storage Manager (RSM) Remote Protocol	INtmsObjectManagement2	v0.0	
3BBED8D9-2C9A-4B21-8936-ACB2F995BE6C	MS-RSMP	Removable Storage Manager (RSM) Remote Protocol	INtmsObjectManagement3	v0.0	
8DA03F40-3419-11D1-8FB1-00A024CB6019	MS-RSMP	Removable Storage Manager (RSM) Remote Protocol	INtmsSession1	v0.0	
7D07F313-A53F-459A-BB12-012C15B1846E	MS-RSMP	Removable Storage Manager (RSM) Remote Protocol	IRobustNtmsMediaServices1	v0.0	
00000000-0000-0000-C000-000000000046	MS-RSMP	Removable Storage Manager (RSM) Remote Protocol	IUnknown	v0.0	
894DE0C0-0D55-11D3-A322-00C04FA321A1	MS-RSP	Remote Shutdown Protocol	InitShutdown	v1.0	ncacn_np:InitShutdown
D95AFE70-A6D5-4259-822E-2C84DA1DDB0D	MS-RSP	Remote Shutdown Protocol	WindowsShutdown	v1.0	ncacn_np:Shutdown
338CD001-2244-31F1-AAAA-900038001003	MS-RSP	Remote Shutdown Protocol	winreg	v1.0	ncacn_np:winreg
12345778-1234-ABCD-EF00-0123456789AC	MS-SAMR	Security Account Manager (SAM) Remote Protocol (Client-to-Server)	samr	v1.0	ncacn_np:samr
214A0F28-B737-4026-B847-4F9E37D79529	MS-SCMP	Shadow Copy Management Protocol	IVssDifferentialSoftwareSnapshotMgmt	v0.0	
01954E6B-9254-4E6E-808C-C9E05D007696	MS-SCMP	Shadow Copy Management Protocol	IVssEnumMgmtObject	v0.0	
AE1C7110-2F60-11D3-8A39-00C04F72D8E3	MS-SCMP	Shadow Copy Management Protocol	IVssEnumObject	v0.0	
FA7DF749-66E7-4986-A27F-E2F04AE53772	MS-SCMP	Shadow Copy Management Protocol	IVssSnapshotMgmt	v0.0	
367ABB81-9844-35F1-AD32-98F038001003	MS-SCMR	Service Control Manager Remote Protocol	svcctl	v2.0	ncacn_np:svcctl
4B324FC8-1670-01D3-1278-5A47BF6EE188	MS-SRVS	Server Service Remote Protocol	srvsvc	v3.0	ncacn_np:srvsvc
CCD8C074-D0E5-4A40-92B4-D074FAA6BA28	MS-SWN	Service Witness Protocol	Witness	v1.0	
FDF8A2B9-02DE-47F4-BC26-AA85AB5E5267	MS-TPMVSC	Trusted Platform Module (TPM) Virtual Smart Card Management Protocol	ITpmVirtualSmartCardManager2	v0.0	
3C745A97-F375-4150-BE17-5950F694C699	MS-TPMVSC	Trusted Platform Module (TPM) Virtual Smart Card Management Protocol	ITpmVirtualSmartCardManager3	v0.0	
1A1BB35F-ABB8-451C-A1AE-33D98F1BEF4A	MS-TPMVSC	Trusted Platform Module (TPM) Virtual Smart Card Management Protocol	ITpmVirtualSmartCardManagerStatusCallback	v0.0	
112B1DFF-D9DC-41F7-869F-D67FEE7CB591	MS-TPMVSC	Trusted Platform Module (TPM) Virtual Smart Card Management Protocol	ITpmVirtualSmartCardManager	v0.0	
2F5F6521-CA47-1068-B319-00DD010662DB	MS-TRP	Telephony Remote Protocol	remotesp	v1.0	
2F5F6520-CA46-1067-B319-00DD010662DA	MS-TRP	Telephony Remote Protocol	tapsrv	v1.0	ncacn_np:tapsrv
1FF70682-0A51-30E8-076D-740BE8CEE98B	MS-TSCH	Task Scheduler Service Remoting Protocol	ATSvc	v1.0	ncacn_np:atsvc
86D35949-83C9-4044-B424-DB363231FD0C	MS-TSCH	Task Scheduler Service Remoting Protocol	ITaskSchedulerService	v1.0	
378E52B0-C0A9-11CF-822D-00AA0051E40F	MS-TSCH	Task Scheduler Service Remoting Protocol	SASec	v1.0	
44E265DD-7DAF-42CD-8560-3CDB6E7A2729	MS-TSGU	Terminal Services Gateway Server Protocol	TsProxyRpcInterface	v1.3	
034634FD-BA3F-11D1-856A-00A0C944138C	MS-TSRAP	Telnet Server Remote Administration Protocol	IManageTelnetSessions	v0.0	
5CA4A760-EBB1-11CF-8611-00A0245420ED	MS-TSTS	Terminal Services Terminal Server Runtime Interface Protocol	IcaApi	v1.0	ncacn_np:Ctx_WinStation_API_service
497D95A6-2D27-4BF5-9BBD-A6046957133C	MS-TSTS	Terminal Services Terminal Server Runtime Interface Protocol	RCMListener	v1.0	ncacn_np:TermSrv_API_service
BDE95FDF-EEE0-45DE-9E12-E5A61CD0D4FE	MS-TSTS	Terminal Services Terminal Server Runtime Interface Protocol	RCMPublic	v1.0	ncacn_np:TermSrv_API_service
1257B580-CE2F-4109-82D6-A9459D0BF6BC	MS-TSTS	Terminal Services Terminal Server Runtime Interface Protocol	SessEnvPublicRpc	v1.0	ncacn_np:SessEnvPublicRpc
88143FD0-C28D-4B2B-8FEF-8D882F6A9390	MS-TSTS	Terminal Services Terminal Server Runtime Interface Protocol	TermSrvEnumeration	v1.0	ncacn_np:LSM_API_service ncacn_np:UNIFIED_API_service
11899A43-2B68-4A76-92E3-A3D6AD8C26CE	MS-TSTS	Terminal Services Terminal Server Runtime Interface Protocol	TermSrvNotification	v1.0	ncacn_np:LSM_API_service ncacn_np:UNIFIED_API_service
484809D6-4239-471B-B5BC-61DF8C23AC48	MS-TSTS	Terminal Services Terminal Server Runtime Interface Protocol	TermSrvSession	v1.0	ncacn_np:LSM_API_service ncacn_np:UNIFIED_API_service
53B46B02-C73B-4A3E-8DEE-B16B80672FC0	MS-TSTS	Terminal Services Terminal Server Runtime Interface Protocol	TSVIPPublic	v1.0	ncacn_np:TSVIP_Service
4A2F5C31-CFD9-410E-B7FB-29A653973A0F	MS-UAMG	Update Agent Management Protocol	IAutomaticUpdates2	v0.0	
E7A4D634-7942-4DD9-A111-82228BA33901	MS-UAMG	Update Agent Management Protocol	IAutomaticUpdatesResults	v0.0	
673425BF-C082-4C7C-BDFD-569464B8E0CE	MS-UAMG	Update Agent Management Protocol	IAutomaticUpdates	v0.0	
3A56BFB8-576C-43F7-9335-FE4838FD7E37	MS-UAMG	Update Agent Management Protocol	ICategoryCollection	v0.0	
81DDC1B8-9D35-47A6-B471-5B80F519223B	MS-UAMG	Update Agent Management Protocol	ICategory	v0.0	
7C907864-346C-4AEB-8F3F-57DA289F969F	MS-UAMG	Update Agent Management Protocol	IImageInformation	v0.0	
D9A59339-E245-4DBD-9686-4D5763E39624	MS-UAMG	Update Agent Management Protocol	IInstallationBehavior	v0.0	
7366EA16-7A1A-4EA2-B042-973D3E9CD99B	MS-UAMG	Update Agent Management Protocol	ISearchJob_	v0.0	
D40CFF62-E08C-4498-941A-01E25F0FD33C	MS-UAMG	Update Agent Management Protocol	ISearchResult	v0.0	
EFF90582-2DDC-480F-A06D-60F3FBC362C3	MS-UAMG	Update Agent Management Protocol	IStringCollection	v0.0	
144FE9B0-D23D-4A8B-8634-FB4457533B7A	MS-UAMG	Update Agent Management Protocol	IUpdate2	v0.0	
112EDA6B-95B3-476F-9D90-AEE82C6B8181	MS-UAMG	Update Agent Management Protocol	IUpdate3	v0.0	
27E94B0D-5139-49A2-9A61-93522DC54652	MS-UAMG	Update Agent Management Protocol	IUpdate4	v0.0	
C1C2F21A-D2F4-4902-B5C6-8A081C19A890	MS-UAMG	Update Agent Management Protocol	IUpdate5	v0.0	
07F7438C-7709-4CA5-B518-91279288134E	MS-UAMG	Update Agent Management Protocol	IUpdateCollection	v0.0	
C97AD11B-F257-420B-9D9F-377F733F6F68	MS-UAMG	Update Agent Management Protocol	IUpdateDownloadContent2	v0.0	
BC5513C8-B3B8-4BF7-A4D4-361C0D8C88BA	MS-UAMG	Update Agent Management Protocol	IUpdateDownloadContentCollection	v0.0	
54A2CB2D-9A0C-48B6-8A50-9ABB69EE2D02	MS-UAMG	Update Agent Management Protocol	IUpdateDownloadContent	v0.0	
503626A3-8E14-4729-9355-0FE664BD2321	MS-UAMG	Update Agent Management Protocol	IUpdateExceptionCollectionOLE	v0.0	
A37D00F5-7BB0-4953-B414-F9E98326F2E8	MS-UAMG	Update Agent Management Protocol	IUpdateExceptionCollection	v0.0	
A376DD5E-09D4-427F-AF7C-FED5B6E1C1D6	MS-UAMG	Update Agent Management Protocol	IUpdateException	v0.0	
C2BFB780-4539-4132-AB8C-0A8772013AB6	MS-UAMG	Update Agent Management Protocol	IUpdateHistoryEntry2	v0.0	
A7F04F3C-A290-435B-AADF-A116C3357A5C	MS-UAMG	Update Agent Management Protocol	IUpdateHistoryEntryCollection	v0.0	
BE56A644-AF0E-4E0E-A311-C1D8E695CBFF	MS-UAMG	Update Agent Management Protocol	IUpdateHistoryEntry	v0.0	
46297823-9940-4C09-AED9-CD3EA6D05968	MS-UAMG	Update Agent Management Protocol	IUpdateIdentity	v0.0	
4CBDCB2D-1589-4BEB-BD1C-3E582FF0ADD0	MS-UAMG	Update Agent Management Protocol	IUpdateSearcher2	v0.0	
04C6895D-EAF2-4034-97F3-311DE9BE413A	MS-UAMG	Update Agent Management Protocol	IUpdateSearcher3	v0.0	
8F45ABF1-F9AE-4B95-A933-F0F66E5056EA	MS-UAMG	Update Agent Management Protocol	IUpdateSearcher	v0.0	
1518B460-6518-4172-940F-C75883B24CEB	MS-UAMG	Update Agent Management Protocol	IUpdateService2	v0.0	
9B0353AA-0E52-44FF-B8B0-1F7FA0437F88	MS-UAMG	Update Agent Management Protocol	IUpdateServiceCollection	v0.0	
0BB8531D-7E8D-424F-986C-A0B8F60A3E7B	MS-UAMG	Update Agent Management Protocol	IUpdateServiceManager2	v0.0	
23857E3C-02BA-44A3-9423-B1C900805F37	MS-UAMG	Update Agent Management Protocol	IUpdateServiceManager	v0.0	
DDE02280-12B3-4E0B-937B-6747F6ACB286	MS-UAMG	Update Agent Management Protocol	IUpdateServiceRegistration	v0.0	
76B3B17E-AED6-4DA5-85F0-83587F81ABE3	MS-UAMG	Update Agent Management Protocol	IUpdateService	v0.0	
91CAF7B0-EB23-49ED-9937-C52D817F46F7	MS-UAMG	Update Agent Management Protocol	IUpdateSession2	v0.0	
918EFD1E-B5D8-4C90-8540-AEB9BDC56F9D	MS-UAMG	Update Agent Management Protocol	IUpdateSession3	v0.0	
816858A4-260D-4260-933A-2585F1ABC76B	MS-UAMG	Update Agent Management Protocol	IUpdateSession	v0.0	
6A92B07A-D821-4682-B423-5C805022CC4D	MS-UAMG	Update Agent Management Protocol	IUpdate	v0.0	
615C4269-7A48-43BD-96B7-BF6CA27D6C3E	MS-UAMG	Update Agent Management Protocol	IWindowsDriverUpdate2	v0.0	
49EBD502-4A96-41BD-9E3E-4C5057F4250C	MS-UAMG	Update Agent Management Protocol	IWindowsDriverUpdate3	v0.0	
004C6A2B-0C19-4C69-9F5C-A269B2560DB9	MS-UAMG	Update Agent Management Protocol	IWindowsDriverUpdate4	v0.0	
70CF5C82-8642-42BB-9DBC-0CFD263C6C4F	MS-UAMG	Update Agent Management Protocol	IWindowsDriverUpdate5	v0.0	
0D521700-A372-4BEF-828B-3D00C10ADEBD	MS-UAMG	Update Agent Management Protocol	IWindowsDriverUpdateEntryCollection	v0.0	
ED8BFE40-A60B-42EA-9652-817DFCFA23EC	MS-UAMG	Update Agent Management Protocol	IWindowsDriverUpdateEntry	v0.0	
B383CD1A-5CE9-4504-9F63-764B1236F191	MS-UAMG	Update Agent Management Protocol	IWindowsDriverUpdate	v0.0	
85713FA1-7796-4FA2-BE3B-E2D6124DD373	MS-UAMG	Update Agent Management Protocol	IWindowsUpdateAgentInfo	v0.0	
118610B7-8D94-4030-B5B8-500889788E4E	MS-VDS	Virtual Disk Service (VDS) Protocol	IEnumVdsObject	v0.0	
9723F420-9355-42DE-AB66-E31BB15BEEAC	MS-VDS	Virtual Disk Service (VDS) Protocol	IVdsAdvancedDisk2	v0.0	
3858C0D5-0F35-4BF5-9714-69874963BC36	MS-VDS	Virtual Disk Service (VDS) Protocol	IVdsAdvancedDisk3	v0.0	
6E6F6B40-977C-4069-BDDD-AC710059F8C0	MS-VDS	Virtual Disk Service (VDS) Protocol	IVdsAdvancedDisk	v0.0	
8326CD1D-CF59-4936-B786-5EFC08798E25	MS-VDS	Virtual Disk Service (VDS) Protocol	IVdsAdviseSink	v0.0	
D5D23B6D-5A55-4492-9889-397A3C2D2DBC	MS-VDS	Virtual Disk Service (VDS) Protocol	IVdsAsync	v0.0	
9882F547-CFC3-420B-9750-00DFBEC50662	MS-VDS	Virtual Disk Service (VDS) Protocol	IVdsCreatePartitionEx	v0.0	
40F73C8B-687D-4A13-8D96-3D7F2E683936	MS-VDS	Virtual Disk Service (VDS) Protocol	IVdsDisk2	v0.0	
8F4B2F5D-EC15-4357-992F-473EF10975B9	MS-VDS	Virtual Disk Service (VDS) Protocol	IVdsDisk3	v0.0	
90681B1D-6A7F-48E8-9061-31B7AA125322	MS-VDS	Virtual Disk Service (VDS) Protocol	IVdsDiskOnline	v0.0	
9CBE50CA-F2D2-4BF4-ACE1-96896B729625	MS-VDS	Virtual Disk Service (VDS) Protocol	IVdsDiskPartitionMF2	v0.0	
538684E0-BA3D-4BC0-ACA9-164AFF85C2A9	MS-VDS	Virtual Disk Service (VDS) Protocol	IVdsDiskPartitionMF	v0.0	
07E5C822-F00C-47A1-8FCE-B244DA56FD06	MS-VDS	Virtual Disk Service (VDS) Protocol	IVdsDisk	v0.0	
2ABD757F-2851-4997-9A13-47D2A885D6CA	MS-VDS	Virtual Disk Service (VDS) Protocol	IVdsHbaPort	v0.0	
D99BDAAE-B13A-4178-9FDB-E27F16B4603E	MS-VDS	Virtual Disk Service (VDS) Protocol	IVdsHwProvider	v0.0	
B07FEDD4-1682-4440-9189-A39B55194DC5	MS-VDS	Virtual Disk Service (VDS) Protocol	IVdsIscsiInitiatorAdapter	v0.0	
38A0A9AB-7CC8-4693-AC07-1F28BD03C3DA	MS-VDS	Virtual Disk Service (VDS) Protocol	IVdsIscsiInitiatorPortal	v0.0	
75C8F324-F715-4FE3-A28E-F9011B61A4A1	MS-VDS	Virtual Disk Service (VDS) Protocol	IVdsOpenDisk	v0.0	
13B50BFF-290A-47DD-8558-B7C58DB1A71A	MS-VDS	Virtual Disk Service (VDS) Protocol	IVdsPack2	v0.0	
3B69D7F5-9D94-4648-91CA-79939BA263BF	MS-VDS	Virtual Disk Service (VDS) Protocol	IVdsPack	v0.0	
10C5E575-7984-4E81-A56B-431F5F92AE42	MS-VDS	Virtual Disk Service (VDS) Protocol	IVdsProvider	v0.0	
0316560B-5DB4-4ED9-BBB5-213436DDC0D9	MS-VDS	Virtual Disk Service (VDS) Protocol	IVdsRemovable	v0.0	
0AC13689-3134-47C6-A17C-4669216801BE	MS-VDS	Virtual Disk Service (VDS) Protocol	IVdsServiceHba	v0.0	
4AFC3636-DB01-4052-80C3-03BBCB8D3C69	MS-VDS	Virtual Disk Service (VDS) Protocol	IVdsServiceInitialization	v0.0	
14FBE036-3ED7-4E10-90E9-A5FF991AFF01	MS-VDS	Virtual Disk Service (VDS) Protocol	IVdsServiceIscsi	v0.0	
E0393303-90D4-4A97-AB71-E9B671EE2729	MS-VDS	Virtual Disk Service (VDS) Protocol	IVdsServiceLoader	v0.0	
FC5D23E8-A88B-41A5-8DE0-2D2F73C5A630	MS-VDS	Virtual Disk Service (VDS) Protocol	IVdsServiceSAN	v0.0	
15FC031C-0652-4306-B2C3-F558B8F837E2	MS-VDS	Virtual Disk Service (VDS) Protocol	IVdsServiceSw	v0.0	
B6B22DA8-F903-4BE7-B492-C09D875AC9DA	MS-VDS	Virtual Disk Service (VDS) Protocol	IVdsServiceUninstallDisk	v0.0	
0818A8EF-9BA9-40D8-A6F9-E22833CC771E	MS-VDS	Virtual Disk Service (VDS) Protocol	IVdsService	v0.0	
83BFB87F-43FB-4903-BAA6-127F01029EEC	MS-VDS	Virtual Disk Service (VDS) Protocol	IVdsSubSystemImportTarget	v0.0	
9AA58360-CE33-4F92-B658-ED24B14425B8	MS-VDS	Virtual Disk Service (VDS) Protocol	IVdsSwProvider	v0.0	
1E062B84-E5E6-4B4B-8A25-67B81E8F13E8	MS-VDS	Virtual Disk Service (VDS) Protocol	IVdsVDisk	v0.0	
B481498C-8354-45F9-84A0-0BDD2832A91F	MS-VDS	Virtual Disk Service (VDS) Protocol	IVdsVdProvider	v0.0	
72AE6713-DCBB-4A03-B36B-371F6AC6B53D	MS-VDS	Virtual Disk Service (VDS) Protocol	IVdsVolume2	v0.0	
4DBCEE9A-6343-4651-B85F-5E75D74D983C	MS-VDS	Virtual Disk Service (VDS) Protocol	IVdsVolumeMF2	v0.0	
6788FAF9-214E-4B85-BA59-266953616E09	MS-VDS	Virtual Disk Service (VDS) Protocol	IVdsVolumeMF3	v0.0	
EE2D5DED-6236-4169-931D-B9778CE03DC6	MS-VDS	Virtual Disk Service (VDS) Protocol	IVdsVolumeMF	v0.0	
1BE2275A-B315-4F70-9E44-879B3A2A53F2	MS-VDS	Virtual Disk Service (VDS) Protocol	IVdsVolumeOnline	v0.0	
4DAA0135-E1D1-40F1-AAA5-3CC1E53221C3	MS-VDS	Virtual Disk Service (VDS) Protocol	IVdsVolumePlex	v0.0	
D68168C9-82A2-4F85-B6E9-74707C49A58F	MS-VDS	Virtual Disk Service (VDS) Protocol	IVdsVolumeShrink	v0.0	
88306BB2-E71F-478C-86A2-79DA200A0F11	MS-VDS	Virtual Disk Service (VDS) Protocol	IVdsVolume	v0.0	
8FB6D884-2388-11D0-8C35-00C04FDA2795	MS-W32T	W32Time Remote Protocol	W32Time	v4.1	ncacn_np:W32TIME ncacn_np:W32TIME_ALT
5422FD3A-D4B8-4CEF-A12E-E87D4CA22E90	MS-WCCE	Windows Client Certificate Enrollment Protocol	ICertRequestD2	v0.0	
D99E6E70-FC88-11D0-B498-00A0C90312F3	MS-WCCE	Windows Client Certificate Enrollment Protocol	ICertRequestD	v0.0	
1A927394-352E-4553-AE3F-7CF4AAFCA620	MS-WDSC	Windows Deployment Services Control Protocol	WdsRpcInterface	v1.0	
6BFFD098-A112-3610-9833-46C3F87E345A	MS-WKST	Workstation Service Remote Protocol	wkssvc	v1.0	ncacn_np:wkssvc ncacn_np:samr
027947E1-D731-11CE-A357-000000000001	MS-WMI	Windows Management Instrumentation Remote Protocol	IEnumWbemClassObject	v0.0	
A359DEC5-E813-4834-8A2A-BA7F1D777D76	MS-WMI	Windows Management Instrumentation Remote Protocol	IWbemBackupRestoreEx	v0.0	
C49E32C7-BC8B-11D2-85D4-00105A1F8304	MS-WMI	Windows Management Instrumentation Remote Protocol	IWbemBackupRestore	v0.0	
DC12A681-737F-11CF-884D-00AA004B2E24	MS-WMI	Windows Management Instrumentation Remote Protocol	IWbemClassObject	v0.0	
44ACA674-E8FC-11D0-A07C-00C04FB68820	MS-WMI	Windows Management Instrumentation Remote Protocol	IWbemContext	v0.0	
1C1C45EE-4395-11D2-B60B-00104B703EFD	MS-WMI	Windows Management Instrumentation Remote Protocol	IWbemFetchSmartEnum	v0.0	
F309AD18-D86A-11D0-A075-00C04FB68820	MS-WMI	Windows Management Instrumentation Remote Protocol	IWbemLevel1Login	v0.0	
D4781CD6-E5D3-44DF-AD94-930EFE48A887	MS-WMI	Windows Management Instrumentation Remote Protocol	IWbemLoginClientID	v0.0	
541679AB-2E5F-11D3-B34E-00104BCC4B4A	MS-WMI	Windows Management Instrumentation Remote Protocol	IWbemLoginHelper	v0.0	
7C857801-7381-11CF-884D-00AA004B2E24	MS-WMI	Windows Management Instrumentation Remote Protocol	IWbemObjectSink	v0.0	
2C9273E0-1DC3-11D3-B364-00105A1F8177	MS-WMI	Windows Management Instrumentation Remote Protocol	IWbemRefreshingServices	v0.0	
F1E9C5B2-F59B-11D2-B362-00105A1F8177	MS-WMI	Windows Management Instrumentation Remote Protocol	IWbemRemoteRefresher	v0.0	
9556DC99-828C-11CF-A37E-00AA003240C7	MS-WMI	Windows Management Instrumentation Remote Protocol	IWbemServices	v0.0	
423EC01E-2E35-11D2-B604-00104B703EFD	MS-WMI	Windows Management Instrumentation Remote Protocol	IWbemWCOSmartEnum	v0.0	
2A3EB639-D134-422D-90D8-AAA1B5216202	MS-WSRM	Windows System Resource Manager (WSRM) Protocol	IResourceManager2	v0.0	
C5CEBEE2-9DF5-4CDD-A08C-C2471BC144B4	MS-WSRM	Windows System Resource Manager (WSRM) Protocol	IResourceManager	v0.0	
4F7CA01C-A9E5-45B6-B142-2332A1339C1D	MS-WSRM	Windows System Resource Manager (WSRM) Protocol	IWRMAccounting	v0.0	
481E06CF-AB04-4498-8FFE-124A0A34296D	MS-WSRM	Windows System Resource Manager (WSRM) Protocol	IWRMCalendar	v0.0	
21546AE8-4DA5-445E-987F-627FEA39C5E8	MS-WSRM	Windows System Resource Manager (WSRM) Protocol	IWRMConfig	v0.0	
943991A5-B3FE-41FA-9696-7F7B656EE34B	MS-WSRM	Windows System Resource Manager (WSRM) Protocol	IWRMMachineGroup	v0.0	
59602EB6-57B0-4FD8-AA4B-EBF06971FE15	MS-WSRM	Windows System Resource Manager (WSRM) Protocol	IWRMPolicy	v0.0	
F31931A9-832D-481C-9503-887A0E6A79F0	MS-WSRM	Windows System Resource Manager (WSRM) Protocol	IWRMProtocol	v0.0	
FC910418-55CA-45EF-B264-83D4CE7D30E0	MS-WSRM	Windows System Resource Manager (WSRM) Protocol	IWRMRemoteSessionMgmt	v0.0	
BC681469-9DD9-4BF4-9B3D-709F69EFE431	MS-WSRM	Windows System Resource Manager (WSRM) Protocol	IWRMResourceGroup	v0.0	
98FE2C90-A542-11D0-A4EF-00A0C9062910	MS-DLL	advapi32.dll	advapi32	v1.0	
8A7B5006-CC13-11DB-9705-005056C00008	MS-DLL	appidsvc.dll	appidsvc	v1.0	
201EF99A-7FA0-444C-9399-19BA84F12A1A	MS-DLL	appinfo.dll: Application Information Service	appinfo	v1.0	
58E604E8-9ADB-4D2E-A464-3B0683FB1480	MS-DLL	appinfo.dll: Application AxIS Information Service	IAisAxISInfo	v1.0	
5F54CE7D-5B79-4175-8584-CB65313A0E98	MS-DLL	appinfo.dll: Application COM Information Service	IAisCOMInfo	v1.0	
FD7A0523-DC70-43DD-9B2E-9C5ED48225B1	MS-DLL	appinfo.dll: Application MSI Information Service	IAisMSIInfo	v1.0	
8C7DAF44-B6DC-11D1-9A4C-0020AF6E7C57	MS-DLL	appmgmts.dll: Application Management service	appmgmts	v1.0	
BFA951D1-2F0E-11D3-BFD1-00C04FA3490A	MS-DLL	aqueue.dll	aqueue	v1.0	
DE3B9BC8-BEF7-4578-A0DE-F089048442DB	MS-DLL	audiodg.exe: Windows Audio Device Graph	audiodgrpc	v1.0	
3FAF4738-3A21-4307-B46C-FDDA9BB8C0D5	MS-DLL	audiosrv.dll: Windows Audio Service audiosrv	audiosrv	v1.1 v1.2	
C386CA3E-9061-4A72-821E-498D83BE188F	MS-DLL	audiosrv.dll: Windows Audio Service Audiorpc	audiorpc	v1.1 v1.2 v2.0 v2.2	
24019106-A203-4642-B88D-82DAE9158929	MS-DLL	authui.dll: Windows Authentication UI	WluirRpc	v1.0	
B2507C30-B126-494A-92AC-EE32B6EEB039	MS-DLL	authui.dll: Windows Authentication UI	Wluir1Rpc	v1.0	
FA4FEBC0-4591-11CE-95E5-00AA0051E510	MS-DLL	autmgr32.exe: Windows Automation Manager	Authmgr32Rpc	v4.0	
AE55C4C0-64CE-11DD-AD8B-0800200C9A66	MS-DLL	bdesvc.dll: BitLocker Drive Encryption Service	bdesvc	v1.0	
DD490425-5325-4565-B774-7E27D6C09C24	MS-DLL	bfe.dll: Base Filtering Engine	bferpc	v1.0	
2ACB9D68-B434-4B3E-B966-E06B4B3A84CB	MS-DLL	bthserv.dll: Bluetooth Support Service	BthServRPCService	v1.0	
30B044A5-A225-43F0-B3A4-E060DF91F9C1	MS-DLL	certprop.dll: Certificate Propagation Service	CertPropSvc	v1.0	
6E17AAA0-1A47-11D1-98BD-0000F875292E	MS-DLL	clussvc.exe: Microsoft JoinVersion Interface	ClusSvcJoinVersion	v2.0	
E248D0B8-BF15-11CF-8C5E-08002BB49649	MS-DLL	clussvc.exe: Microsoft Cluster Server Service	ClusSvc	v2.0	
FFE561B8-BF15-11CF-8C5E-08002BB49649	MS-DLL	clussvc.exe: Microsoft Extrocluster Interface	ClusSvcExtrocluster	v2.0	
0D72A7D4-6148-11D1-B4AA-00C04FB66EA0	MS-DLL	cryptsvc.dll: Cryptographic Services	CryptCertProtectSvc	v1.0	
68B58241-C259-4F03-A2E5-A2651DCBC930	MS-DLL	cryptsvc.dll: Cryptographic Services	CryptKSrSvc	v1.0	
8D0FFE72-D252-11D0-BF8F-00C04FD9126B	MS-DLL	cryptsvc.dll: Cryptographic Services	CryptKeyrSvc	v1.0	
F50AAC00-C7F3-428E-A022-A6B71BFB9D43	MS-DLL	cryptsvc.dll: Cryptographic Services	CryptCatSvc	v1.0	
3C4728C5-F0AB-448B-BDA1-6CE01EB0A6D6	MS-DLL	dhcpcsvc6.dll: DHCPv6 Client Service	dhcpcsvc6	v1.0	
3C4728C5-F0AB-448B-BDA1-6CE01EB0A6D5	MS-DLL	dhcpcsvc.dll: DHCP Client Service	dhcpcsvc	v1.0	
D2D79DFA-3400-11D0-B40B-00AA005FF586	MS-DLL	dmadmin.exe: Logical Disk Manager service process	dmadminrpc	v1.0	
45776B01-5956-4485-9F80-F428F7D60129	MS-DLL	dnsrslvr.dll: DNS Client Service (Windows XP)	DnsResolver	v2.0	
65A93890-FAB9-43A3-B2A5-1E330AC28F11	MS-DLL	dnsrslvr.dll: DNS Client Service (Windows 2000)	DnsResolver2000	v2.0	
1BDDB2A6-C0C3-41BE-8703-DDBDF4F0E80A	MS-DLL	dot3svc.dll: Wired AutoConfig Service	winlan	v1.0	
04EEB297-CBF4-466B-8A2A-BFD6A2F10BBA	MS-DLL	efssvc.dll: Encrypting File System (EFS) Service: EFSK	efskrpc	v1.0	
DF1941C5-FE89-4E79-BF10-463657ACF44D	MS-DLL	efssvc.dll: Encrypting File System (EFS) Service	efsrpc	v1.0	
654976DF-1498-4056-A15E-CB4E87584BD8	MS-DLL	emdmgmt.dll: ReadyBoost Service	EmdService	v1.0	
2EB08E3E-639F-4FBA-97B1-14F878961076	MS-DLL	gpsvc.dll: Group Policy Service	gpsvc	v1.0	
7D814569-35B3-4850-BB32-83035FCEBF6E	MS-DLL	ias.dll: Internet Authentication Service	iasrpc	v1.0	
00645E6C-FC9F-4A0C-9896-F00B66297798	MS-DLL	icardagt.exe: Windows CardSpace User Interface Agent	icardagtrpc	v1.0	
F1EC59AB-4CA9-4C30-B2D0-54EF1DB441B7	MS-DLL	iertutil.dll: Microsoft Internet Explorer Runtime Utilities	iertutil	v1.0	
0A74EF1C-41A4-4E06-83AE-DC74FB1CDD53	MS-DLL	schedsvc.dll: Task Scheduler Engine/Task Scheduler Service: Taskplaner idletask	idletask	v1.0	
12E65DD8-887F-41EF-91BF-8D816C42C2E7	MS-DLL	winlogon.exe: Windows Logon Application	ISecureDesktop	v1.0	
76F226C3-EC14-4325-8A99-6A46348418AE	MS-DLL	winlogon.exe: Windows Logon Application	WMsgKAPIs	v1.0	
76F226C3-EC14-4325-8A99-6A46348418AF	MS-DLL	winlogon.exe: Windows Logon Application	WMsgAPIs	v1.0	
95958C94-A424-4055-B62B-B7F4D5C47770	MS-DLL	winlogon.exe: Windows Logon Application	IRPCSCLogon	v1.0	
30ADC50C-5CBC-46CE-9A0E-91914789E23C	MS-DLL	nrpsrv.dll: Name Resolution Proxy (NRP) RPC interface	nrpsrv	v1.0	
3473DD4D-2E88-4006-9CBA-22570909DD10	MS-DLL	winhttp.dll: Windows HTTP Services	winhttprpc	v5.1	
4A452661-8290-4B36-8FBE-7F4093A94978	MS-DLL	spoolsv.exe: Spooler SubSystem App	IRPCAsyncNotifyChannel	v1.0	
552D076A-CB29-4E44-8B6A-D15E59E2C0AF	MS-DLL	iphlpsvc.dll: Service that offers IPv6 connectivity over an IPv4 network	IpTransition	v1.0	
7EA70BCF-48AF-4F6A-8968-6A440754D5FA	MS-DLL	nsisvc.dll: Network Store Interface RPC server	WinNsi	v1.0	
98716D03-89AC-44C7-BB8C-285824E51C4A	MS-DLL	srvsvc.dll: Server Service	XactSrvRPC	v1.0	
A398E520-D59A-4BDD-AA7A-3C1E0303A511	MS-DLL	ikeext.dll: IKE extension	IkeRpcIKE	v1.0	
C9AC6DB5-82B7-4E55-AE8A-E464ED7B4277	MS-DLL	webcint.dll: Web DAV Service	IRPCWinlogonNotifications	v1.0	
46EA9280-5BBF-445E-831D-41D0F60F503A	MS-DLL	ifssvc.exe: FS Web Agent Authentication Service	ifssvc	v1.0	
52D9F704-D3C6-4748-AD11-2550209E80AF	MS-DLL	IMEPADSM.DLL: Microsoft IME 2012	imepadsm	v0.0	
8F1ACDC1-754D-43EB-9629-AA1620928E65	MS-DLL	IMEPADSM.DLL: Microsoft IME 2012	imepadsm1	v0.0	
CB407BBF-C14F-4CD9-8F55-CBB08146598C	MS-DLL	IMJPDCT.EXE: Microsoft IME	imjpdctrpc	v0.0	
6F201A55-A24D-495F-AAC9-2F4FCE34DF99	MS-DLL	IPHLPAPI.DLL: Connectivity Helper API	cpprovider	v1.0	
6F201A55-A24D-495F-AAC9-2F4FCE34DF98	MS-DLL	iphlpsvc.dll: IP Helper	iphlpsvc	v1.0	
D674A233-5829-49DD-90F0-60CF9CEB7129	MS-DLL	ipnathlp.dll: Microsoft NAT Helper Components	ipnathlp	v1.0	
E64B9AEE-F372-4312-9A14-8F1502B5C8E3	MS-DLL	ipnathlp.dll: Microsoft NAT Helper Components	IpNatHlpRpcServer	v1.0	
0C821D64-A3FC-11D1-BB7A-0080C75E4EC1	MS-DLL	irftp.exe: Wireless Link File Transfer Application	irftprpc	v1.0	
7AF5BBD0-6063-11D1-AE2A-0080C75E4EC1	MS-DLL	irmon.dll: Infrared Monitor	irmon	v0.0	
209BB240-B919-11D1-BBB6-0080C75E4EC1	MS-DLL	irmon.dll: Infrared Monitor	irmon1	v1.0	
FD6BB951-C830-4734-BF2C-18BA6EC7AB49	MS-DLL	iscsiexe.dll: iSCSI Discovery service	iscsiexe	v1.0	
130CEEFB-E466-11D1-B78B-00C04FA32883	MS-DLL	ismip.dll: Active Directory ISM IP Transport	ismserv_ip	v2.1	
68DCD486-669E-11D1-AB0C-00C04FC2DCD2	MS-DLL	ismserv.exe: Inter-site Messaging service	ismapi	v1.0 v2.0	
00000002-0001-0000-C000-000000000069	MS-DLL	kdcsvc.dll: KDC RPC	kdcrpc	v1.0	
B25A52BF-E5DD-4F4A-AEA6-8CA7272A0E86	MS-DLL	keyiso.dll: CNG Key Isolation Service	INCryptKeyIso	v1.0	
3357951C-A1D1-47DB-A278-AB945D063D03	MS-DLL	LBService.dll: RPC/HTTP Load Balancing Coordinator	lbservice	v1.0	
342CFD40-3C6C-11CE-A893-08002B2E9C6D	MS-DLL	llssrv.exe: Licensing Logging Service	llsrpc	v0.0	ncacn_np:llsrpc
57674CD0-5200-11CE-A897-08002B2E9C6D	MS-DLL	llssrv.exe: License Logging Service	lls_license	v1.0	ncacn_np:llsrpc
D3FBB514-0E3B-11CB-8FAD-08002B1D29C3	MS-DLL	locator.exe: RPC locator service: Network Store Interface Client	NsiC	v1.0	ncacn_np:locator
D6D70EF0-0E3B-11CB-ACC3-08002B1D29C3	MS-DLL	locator.exe: RPC locator service: Network Store Interface Service	NsiS	v1.0	ncacn_np:locator
D6D70EF0-0E3B-11CB-ACC3-08002B1D29C4	MS-DLL	locator.exe: RPC locator service: Network Store Interface Manager	NsiM	v1.0	ncacn_np:locator
1CBCAD78-DF0B-4934-B558-87839EA501C9	MS-DLL	lsasrv.dll: Microsoft Active Directory DSROLE Service	dsrolesvc	v0.0	
11220835-5B26-4D94-AE86-C3E475A809DE	MS-DLL	lsasrv.dll: Protected Storage Service	ICryptProtect	v1.0	
5CBE92CB-F4BE-45C9-9FC9-33E73E557B20	MS-DLL	lsasrv.dll: Protected Storage Service	PasswordRecovery	v1.0	
ACE1C026-8B3F-4711-8918-F345D17F5BFF	MS-DLL	lsasrv.dll: Protected Storage Service	SLspPrivateData	v1.0	
FB8A0729-2D04-4658-BE93-27B4AD553FAC	MS-DLL	lsass.exe: Local Security Authority Subsystem Service	lsass	v1.0	
12D4B7C8-77D5-11D1-8C24-00C04FA3080D	MS-DLL	lserver.dll: Terminal Server License Server	TermServLicensing	v1.0	
3D267954-EEB7-11D1-B94E-00C04FA3080D	MS-DLL	lserver.dll: Terminal Server License Server	HydraLsPipe	v1.0	
11F25515-C879-400A-989E-B074D5F092FE	MS-DLL	lsm.dll: Terminal Services Terminal Server Runtime Interface	TermSrvPrivate	v1.0	
1E665584-40FE-4450-8F6E-802362399694	MS-DLL	lsm.dll: Terminal Services Terminal Server Runtime Interface	TermSrvAdmin	v1.0	
506C3B0E-4BD1-4C56-88C0-49A20ED4B539	MS-DLL	milcore.dll: MIL Core Library	milcore	v1.0	
3CA78105-A3A3-4A68-B458-1A606BAB8FD6	MS-DLL	mpnotify.exe: Windows NT Multiple Provider Notification Application	mpnotifyrpc	v1.0	
FC48CD89-98D6-4628-9839-86F7A3E4161A	MS-DLL	ACPBackgroundManagerPolicy.dll: ACP Background Manager Policy	ACPBackgroundManagerPolicy	v1.0	
C49A5A70-8A7F-4E70-BA16-1E8F1F193EF1	MS-DLL	adhsvc.dll: Annotation Proxy Manager client server	adhsvc	v1.0	
D2716E94-25CB-4820-BC15-537866578562	MS-DLL	aphostservice.dll: Accounts Host Service	aphostservice	v1.0	
0497B57D-2E66-424F-A0C6-157CD5D41700	MS-DLL	appinfo.dll: Application Information Service	appinfopkg	v1.0	
5FC2481B-F8D7-466B-A741-CC7806C784A3	MS-DLL	audiosrv.dll: Windows Audio Service: PBM	audiosrvpbm	v1.0	
910562C3-EBD9-46B9-BABA-1D45842A0CEB	MS-DLL	audiosrv.dll: Windows Audio Service: PBM	audiosrvpbm1	v1.0	
C7CE3826-891F-4376-B161-C63D2403142C	MS-DLL	audiosrv.dll: Windows Audio Service: HRTF Info	audiosrvhrtf	v1.0	
CBA4C918-E55A-46EE-AA62-CADE158E9165	MS-DLL	audiosrv.dll: Windows Audio Service: Device Graph WNF State	audiosrvwnf	v1.0	
7C69AC10-FA12-4DBF-90D9-C7F1E40F5DC5	MS-DLL	audiosrv.dll: Windows Audio Service	audiosrv1	v1.6	
47AC638A-718F-49A0-97C5-574AC77ACF4D	MS-DLL	audiosrv.dll: Windows Audio Service	audiosrv2	v2.7	
09704557-82C0-416B-B6E4-C85B8F789803	MS-DLL	audiosrv.dll: Windows Audio Service	audiosrv3	v2.8	
0D3E2735-CEA0-4ECC-A9E2-41A2D81AED4E	MS-DLL	bisrv.dll: Background Tasks Infrastructure Service	RBiPtSrv	v1.0	
1B37CA91-76B1-4F5E-A3C7-2ABFC61F2BB0	MS-DLL	bisrv.dll: Background Tasks Infrastructure Service	RBiRtSrv	v1.0	
20C40295-8DBA-48E6-AEBF-3E78EF3BB144	MS-DLL	bisrv.dll: Background Tasks Infrastructure Service	SrvOdbPt	v1.0	
2513BCBE-6CD4-4348-855E-7EFB3C336DD3	MS-DLL	bisrv.dll: Background Tasks Infrastructure Service	SrvOdb	v1.0	
2D98A740-581D-41B9-AA0D-A88B9D5CE938	MS-DLL	bisrv.dll: Background Tasks Infrastructure Service	RBiSrv	v1.0	
857FB1BE-084F-4FB5-B59C-4B2C4BE5F0CF	MS-DLL	bisrv.dll: Background Tasks Infrastructure Service	SrvOdbPriv	v1.0	
8BFC3BE1-6DEF-4E2D-AF74-7C47CD0ADE4A	MS-DLL	bisrv.dll: Background Tasks Infrastructure Service	RBiSrv1	v1.0	
B8CADBAF-E84B-46B9-84F2-6F71C03F9E55	MS-DLL	bisrv.dll: Background Tasks Infrastructure Service	SrvOdbLb	v1.0	
C605F9FB-F0A3-4E2A-A073-73560F8D9E3E	MS-DLL	bisrv.dll: Background Tasks Infrastructure Service	RBiSrvSignal	v1.0	
D09BDEB5-6171-4A34-BFE2-06FA82652568	MS-DLL	BrokerLib.dll: Broker Base Library	Bri	v1.0	
EAD694ED-2243-44CB-A9DC-85D3BA934DAB	MS-DLL	chakra.dll: ChakraCore Just-in-time (JIT) Compilation	IChakraJIT	v0.0	
DF4DF73A-C52D-4E3A-8003-8437FDF8302A	MS-DLL	coremessaging.dll: Microsoft CoreMessaging	coremessaging	v0.0	
2579FF35-0AB0-4E5A-88FA-1D88C4E0CB92	MS-DLL	crypttpmeksvc.dll: Cryptographic TPM Endorsement Key Services	crypttpmeksvc	v2.0	
5A0CE74D-F9CF-4DEA-A4C1-2D5FE4C89D51	MS-DLL	d3d10warp.dll: Direct3D 10 Rasterizer	WarpJITSvc	v1.0	
7419CF08-91A7-4AFD-8F5E-1DD76DE094FD	MS-DLL	DAB.dll: Desktop Activity Broker	dab	v1.0	
2E7D4935-59D2-4312-A2C8-41900AA5495F	MS-DLL	das.dll: Device Association Service: Challenge	daschallenge	v1.0	
5B665B9A-A086-4E26-AE24-96AB050B0EC3	MS-DLL	das.dll: Device Association Service: AEP Store	dasaepstore	v1.0	
850CEE52-3038-4277-B9B4-E05DB8B2C35C	MS-DLL	das.dll: Device Association Service	das	v1.0	
A1D4EAE7-39F8-4BCA-8E72-832767F5082A	MS-DLL	das.dll: Device Association Service: Inbound Association	dasinbassoc	v1.0	
BD84CD86-9825-4376-813D-334C543F89B1	MS-DLL	das.dll: Device Association Service: RPC Dev	dasrpcdev	v1.0	
EEEE008D-5C99-4E4B-861B-547A26E8ABD0	MS-DLL	dashost.exe: Device Association Framework Provider Host	dashost	v1.0	
4C9DBF19-D39E-4BB9-90EE-8F7179B20283	MS-DLL	diagtrack.dll: Microsoft Windows Diagnostics Tracking	UtcApi	v1.0	
95095EC8-32EA-4EB0-A3E2-041F97B36168	MS-DLL	diagtrack.dll: Microsoft Windows Diagnostics Tracking	UtcTelemetryOptInApi	v1.0	
98CD761E-E77D-41C8-A3C0-0FB756D90EC2	MS-DLL	diagtrack.dll: Microsoft Windows Diagnostics Tracking	UtcWerHelperApi	v1.0	
D22895EF-AFF4-42C5-A5B2-B14466D34AB4	MS-DLL	diagtrack.dll: Microsoft Windows Diagnostics Tracking	UtcEventTranscriptApi	v1.0	
E38F5360-8572-473E-B696-1B46873BEEAB	MS-DLL	diagtrack.dll: Microsoft Windows Diagnostics Tracking	UtcTenantApi	v1.0	
FD8BE72B-A9CD-4B2C-A9CA-4DED242FBE4D	MS-DLL	diagtrack.dll: Microsoft Windows Diagnostics Tracking	UtcApi1	v1.0	
7F1317A8-4DEA-4FA2-A551-DF5516FF8879	MS-DLL	dpapisrv.dll: DPAPI Server	dpapisrv	v1.0	
BF4DC912-E52F-4904-8EBE-9317C1BDD497	MS-DLL	dssvc.dll: Data Sharing Service NT Service	dssvc	v1.0	
C27F3C08-92BA-478C-B446-B419C4CEF0E2	MS-DLL	dusmsvc.dll: Data Usage (DusmSvc) Service	dusmsvc	v1.0	
714DC5C4-C5F6-466A-B037-A573C958031E	MS-DLL	eeprov.dll: Energy Estimator SRUM provider	eeprov	v1.0	
0361AE94-0316-4C6C-8AD8-C594375800E2	MS-DLL	psmsrv.dll: Process State Manager (PSM) Service	PsmSrvAppHost	v1.0	
085B0334-E454-4D91-9B8C-4134F9E793F3	MS-DLL	psmsrv.dll: Process State Manager (PSM) Service	PsmSrvApp	v1.0	
3B338D89-6CFA-44B8-847E-531531BC9992	MS-DLL	psmsrv.dll: Process State Manager (PSM) Service	PsmSrvInfo	v1.0	
4BEC6BB8-B5C2-4B6F-B2C1-5DA5CF92D0D9	MS-DLL	psmsrv.dll: Process State Manager (PSM) Service	PsmSrvActivation	v1.0	
5824833B-3C1A-4AD2-BDFD-C31D19E23ED2	MS-DLL	psmsrv.dll: Process State Manager (PSM) Service	PsmSrvTimer	v1.0	
8782D3B9-EBBD-4644-A3D8-E8725381919B	MS-DLL	psmsrv.dll: Process State Manager (PSM) Service	PsmSrvQuiesce	v1.0	
BDAA0970-413B-4A3E-9E5D-F6DC9D7E0760	MS-DLL	psmsrv.dll: Process State Manager (PSM) Service	PsmSrv	v1.0	
06BBA54A-BE05-49F9-B0A0-30F790261023	MS-DLL	wscsvc.dll: Windows Security Center Service	wscsvc	v1.0	
0767A036-0D22-48AA-BA69-B619480F38CB	MS-DLL	pcasvc.dll: Program Compatibility Assistant Service	PcaSvc	v1.0	
2C7FD9CE-E706-4B40-B412-953107EF9BB0	MS-DLL	psmserviceexthost.dll: Resource Manager PSM Service Extension	RmgrSrv	v0.0	
C521FACF-09A9-42C5-B155-72388595CBF0	MS-DLL	psmserviceexthost.dll: Resource Manager PSM Service Extension	RmtSrv	v0.0	
082A3471-31B6-422A-B931-A54401960C62	MS-DLL	psmserviceexthost.dll: Resource Manager PSM Service Extension	HamRpcSrv	v1.0	
0D47017B-B33B-46AD-9E18-FE96456C5078	MS-DLL	psmserviceexthost.dll: Resource Manager PSM Service Extension	HamRpcSrvSess	v1.0	
0FF1F646-13BB-400A-AB50-9A78F2B7A85A	MS-DLL	psmserviceexthost.dll: Resource Manager PSM Service Extension	HamRpcSrvHostId	v1.0	
178D84BE-9291-4994-82C6-3F909ACA5A03	MS-DLL	psmserviceexthost.dll: Resource Manager PSM Service Extension	RmGameModeRSrv	v1.0	
1832BCF6-CAB8-41D4-85D2-C9410764F75A	MS-DLL	psmserviceexthost.dll: Resource Manager PSM Service Extension	RmCoreRpcSrv	v1.0	
4ED8ABCC-F1E2-438B-981F-BB0E8ABC010C	MS-DLL	psmserviceexthost.dll: Resource Manager PSM Service Extension	HamRpcSrvState	v1.0	
6982A06E-5FE2-46B1-B39C-A2C545BFA069	MS-DLL	psmserviceexthost.dll: Resource Manager PSM Service Extension	HamRpcSrvFullTrust	v1.0	
95406F0B-B239-4318-91BB-CEA3A46FF0DC	MS-DLL	psmserviceexthost.dll: Resource Manager PSM Service Extension	HamRpcSrvServicing	v1.0	
DD59071B-3215-4C59-8481-972EDADC0F6A	MS-DLL	psmserviceexthost.dll: Resource Manager PSM Service Extension	CrmRpcSrv	v1.0	
E53D94CA-7464-4839-B044-09A2FB8B3AE5	MS-DLL	psmserviceexthost.dll: Resource Manager PSM Service Extension	HamRpcSrvActivity	v1.0	
FAE436B0-B864-4A87-9EDA-298547CD82F2	MS-DLL	psmserviceexthost.dll: Resource Manager PSM Service Extension	HamRpcSrvDebug	v1.0	
4DACE966-A243-4450-AE3F-9B7BCB5315B8	MS-DLL	psmserviceexthost.dll: Resource Manager PSM Service Extension	RmGameModeSrv	v2.0	
0C53AA2E-FB1C-49C5-BFB6-C54F8E5857CD	MS-DLL	SyncController.dll: SyncController for managing sync of mail, contacts, calendar	ActiveSyncServer	v1.0	
923C9623-DB7F-4B34-9E6D-E86580F8CA2A	MS-DLL	SyncController.dll: SyncController for managing sync of mail, contacts, calendar	AccountsMgmtRpc	v1.0	
0D3C7F20-1C8D-4654-A1B3-51563B298BDA	MS-DLL	usermgr.dll: Runtime components required for multi-user interaction	IUserMarshalData	v1.0	
B18FBAB6-56F8-4702-84E0-41053293A869	MS-DLL	usermgr.dll: Runtime components required for multi-user interaction	usermgr	v1.0	
0FC77B1A-95D8-4A2E-A0C0-CFF54237462B	MS-DLL	modernexecserver.dll: Modern Execution Server	FmMuxSrvNotificationCoreUI	v0.0	
8EC21E98-B5CE-4916-A3D6-449FA428A007	MS-DLL	modernexecserver.dll: Modern Execution Server	FmMuxSrvCoreUI	v0.0	
B1EF227E-DFA5-421E-82BB-67A6A129C496	MS-DLL	modernexecserver.dll: Modern Execution Server	FmMuxSrv	v0.0	
1A0D010F-1C33-432C-B0F5-8CF4E8053099	MS-DLL	srvsvc.dll: Server Service	IdSegSrv	v1.0	
29770A8F-829B-4158-90A2-78CD488501F7	MS-DLL	sessenv.dll: Remote Desktop Configuration service	TSSDFarmRpc	v1.0	
B12FD546-C875-4B41-97D8-950487662202	MS-DLL	sessenv.dll: Remote Desktop Configuration service	TSSDRpc	v1.0	
2D24FF0B-1BAB-404C-A0FD-42C85577BF68	MS-DLL	NgcCtnrSvc.dll: Microsoft Passport Container Service	NgcHandlerRpc	v1.0	
2E6035B2-E8F1-41A7-A044-656B439C4C34	MS-DLL	httpprxm.dll: Proxy Manager	ProxyMgr	v1.0	
C36BE077-E14B-4FE9-8ABC-E856EF4F048B	MS-DLL	httpprxm.dll: Proxy Manager	RpcSrvProxyMgr	v1.0	
33D84484-3626-47EE-8C6F-E7E98B113BE1	MS-DLL	WPTaskScheduler.dll: WP Task Scheduler	TaskScheduler	v2.0	
3573E5F2-CFE7-4A79-845F-FE7C68823738	MS-DLL	phoneservice.dll: phone calls and other telephony related functionality	PhoneRpc	v1.0	
68227AE7-9A32-45B0-8472-BF9619965838	MS-DLL	phoneservice.dll: phone calls and other telephony related functionality	PhoneRpc1	v1.0	
8BE456EC-9244-4D10-88E8-1DDF1BAA9ADE	MS-DLL	phoneservice.dll: phone calls and other telephony related functionality	PhoneRpc2	v1.0	
AE58B386-C914-4A73-BA5C-2C3E2749E478	MS-DLL	phoneservice.dll: phone calls and other telephony related functionality	PhoneRpc3	v1.0	
F26E2372-D601-44F0-84B8-2591D2AF2F82	MS-DLL	phoneservice.dll: phone calls and other telephony related functionality	PhoneRpc4	v1.0	
3A9EF155-691D-4449-8D05-09AD57031823	MS-DLL	schedsvc.dll: Task Scheduler Service	I_pSchRpc	v1.0	
43890C94-BFD7-4655-AD6A-B4A68397CDCB	MS-DLL	pimindexmaintenance.dll: contacts indexing and other user data related tasks	PimIMService	v0.0	
4B112204-0E19-11D3-B42B-0000F81FEB9F	MS-DLL	ssdpsrv.dll: SSDP service	ssdpsrv	v1.0	
4BE96A0F-9F52-4729-A51D-C70610F118B0	MS-DLL	wbiosrvc.dll: Windows Biometric Service	WinBioCredentialManager	v1.0	
C0E9671E-33C6-4438-9464-56B2E1B1C7B4	MS-DLL	wbiosrvc.dll: Windows Biometric Service	WinBioServer	v1.0	
509BC7AE-77BE-4EE8-B07C-0D096BB44345	MS-DLL	DispBroker.Desktop.dll: Display Policy Service	ColorManagementRpcServer	v1.0	
4C8D0BEF-D7F1-49F0-9102-CAA05F58D114	MS-DLL	nlasvc.dll: Network Location Awareness 2	nlasvc	v1.0	
51A227AE-825B-41F2-B4A9-1AC9557A1018	MS-DLL	keyiso.dll: CNG Key Isolation Service	TokenBindingApi	v1.0	
8FB74744-B2FF-4C00-BE0D-9EF9A191FE1B	MS-DLL	keyiso.dll: CNG Key Isolation Service	SymmetricPopKeyApi	v1.0	
5222821F-D5E2-4885-84F1-5F6185A0EC41	MS-DLL	ncbservice.dll: Network Connection Broker	NcbRpcSrv	v1.0	
880FD55E-43B9-11E0-B1A8-CF4EDFD72085	MS-DLL	ncbservice.dll: Network Connection Broker	NcbKapi	v1.0	
E40F7B57-7A25-4CD3-A135-7F7D3DF9D16B	MS-DLL	ncbservice.dll: Network Connection Broker	NcbRpcSrv1	v1.0	
54B4C689-969A-476F-8DC2-990885E9F562	MS-DLL	storsvc.dll: Storage Service	StorSvc	v0.0	
BE7F785E-0E3A-4AB7-91DE-7E46E443BE29	MS-DLL	storsvc.dll: Storage Service	StorSvc1	v0.0	
88ABCBC3-34EA-76AE-8215-767520655A23	MS-DLL	resourcepolicyserver.dll: Resource Policy RM Service Extension	GcsSrv	v0.0	
64D1D045-F675-460B-8A94-570246B36DAB	MS-DLL	ClipSVC.dll: Client License Service	ClipSvc	v1.0	
55E6B932-1979-45D6-90C5-7F6270724112	MS-DLL	resourcepolicyserver.dll: Resource Policy RM Service Extension	RpSrv	v1.0	
76C217BC-C8B4-4201-A745-373AD9032B1A	MS-DLL	resourcepolicyserver.dll: Resource Policy RM Service Extension	RpSrv1	v1.0	
650A7E26-EAB8-5533-CE43-9C1DFCE11511	MS-DLL	rascustom.dll: Custom Protocol Engine	RasCustomRpc	v1.0	
1377D115-98FD-4034-B574-111156CA239C	MS-DLL	systemeventsbrokerserver.dll: System Events Broker	CSebiPublisher	v1.0	
7642249B-84C2-4404-B6EB-1E0A2458839A	MS-DLL	NgcCtnrSvc.dll: Microsoft Passport Container Service	NgcSecureBioHandlerRpc	v1.0	
697DCDA9-3BA9-4EB2-9247-E11F1901B0D2	MS-DLL	systemeventsbrokerserver.dll: System Events Broker	CSebiEvent	v1.0	
9B008953-F195-4BF9-BDE0-4471971E58ED	MS-DLL	systemeventsbrokerserver.dll: System Events Broker	SebiEvent	v1.0	
7A20FCEC-DEC4-4C59-BE57-212E8F65D3DE	MS-DLL	SgrmBroker.exe: System Guard Runtime Monitor Broker Service	SgrmBroker	v1.0	
7AEB6705-3AE6-471A-882D-F39C109EDC12	MS-DLL	wcmsvc.dll: Windows Connection Manager Service	SetOperatorRpc	v1.0	
ABFB6CA3-0C5E-4734-9285-0AEE72FE8D1C	MS-DLL	wcmsvc.dll: Windows Connection Manager Service	WcmSvcRpc	v1.0	
B37F900A-EAE4-4304-A2AB-12BB668C0188	MS-DLL	wcmsvc.dll: Windows Connection Manager Service	WcmSvcRpc1	v1.0	
C2D1B5DD-FA81-4460-9DD6-E7658B85454B	MS-DLL	wcmsvc.dll: Windows Connection Manager Service	WcmSvcProxyInfoRpc	v1.0	
E7F76134-9EF5-4949-A2D6-3368CC0988F3	MS-DLL	wcmsvc.dll: Windows Connection Manager Service	WcmSvcMgrRpc	v1.0	
F44E62AF-DAB1-44C2-8013-049A9DE417D6	MS-DLL	wcmsvc.dll: Windows Connection Manager Service	WcmSvcCapRpc	v1.0	
7F1343FE-50A9-4927-A778-0C5859517BAC	MS-DLL	wkssvc.dll: Workstation Service	DfsDsSvc	v1.0	
F47433C3-3E9D-4157-AAD4-83AA1F5C2D4C	MS-DLL	mpssvc.dll: Microsoft Protection Service	FwNetIsolationRpc	v1.0	
2FB92682-6599-42DC-AE13-BD2CA89BD11C	MS-DLL	MPSSVC.dll: Microsoft Protection Service	FwRpc1	v1.0	
7F9D11BF-7FB9-436B-A812-B2D50C5D4C03	MS-DLL	MPSSVC.dll: Microsoft Protection Service	FwRpc	v1.0	
A111F1C6-5923-47C0-9A68-D0BAFB577901	MS-DLL	NetSetupShim.dll: Network Configuration API	NetSetupShim	v1.0	
A111F1C5-5923-47C0-9A68-D0BAFB577901	MS-DLL	NetSetupSvc.dll: Network Setup Service	NetSetupSvc	v1.0	
8337AEBC-5564-46FD-BC41-7798F18D2E4B	MS-DLL	ngcsvc.dll: Microsoft Passport Service	DeviceCredentialMgrRpc	v1.0	
8BEF2320-F308-4720-B913-0129CECFA6B9	MS-DLL	NgcCtnrSvc.dll: Microsoft Passport Container Service	VscRpc	v1.0	
9CBC9D3A-7586-4814-8D70-18737DCBE523	MS-DLL	ngcsvc.dll: Microsoft Passport Service	NgcLocalAccountVaultRpc	v1.0	
A3BAE3F7-BF97-49FB-B48D-2A5E8657B436	MS-DLL	PhoneProviders.dll: Phonespecific Component Provider for Windows Telephony Stack	PhoneProviders	v0.0	
A4B8D482-80CE-40D6-934D-B22A01A44FE7	MS-DLL	licensemanagersvc.dll: Windows License Manager	LicenseManagerSvc	v1.0	
A500D4C6-0DD1-4543-BC0C-D5F93486EAF8	MS-DLL	timebrokerserver.dll: Time Event Broker	TbiRpc	v1.0	
A69816F5-83B6-4D48-8633-067F99F5F2D3	MS-DLL	Microsoft.Graphics.Display.DisplayEnhancementService.dll: Microsoft Graphics Display Enhancement Service	DeManagementRpcServer	v1.0	
B54E9AA3-CF29-4F21-A8EA-98C5850CE296	MS-DLL	Microsoft.Graphics.Display.DisplayEnhancementService.dll: Microsoft Graphics Display Enhancement Service	DeoRpcServer	v1.0	
B58AA02E-2884-4E97-8176-4EE06D794184	MS-DLL	sysmain.dll: Superfetch Service Host	PfRpcServerSuperfetch	v1.0	
C100BEAB-D33A-4A4B-BF23-BBEF4663D017	MS-DLL	wcncsvc.dll: Windows Connect Now - Config Registrar Service	WcnpRpc	v1.0	
C100BEAC-D33A-4A4B-BF23-BBEF4663D017	MS-DLL	wcncsvc.dll: Windows Connect Now - Config Registrar Service	WcnTransportRpc	v1.0	
C225E799-29DE-42AF-BC05-1E2127CC056E	MS-DLL	ngcsvc.dll: Microsoft Passport Service	NgcMgmt	v1.0	
C8BA73D2-3D55-429C-8E9A-C44F006F69FC	MS-DLL	userdataservice.dll: The endpoint for 3rd party APIs to read/write user data	UdmSvc	v0.0	
D4051BDE-9CDD-4910-B393-4AA85EC3C482	MS-DLL	tellib.dll: Microsoft Telemetry Library	UtcAdminApi	v1.0	
D9844ED9-F72A-4745-A4A1-EE71F950781D	MS-DLL	ngcsvc.dll: Microsoft Passport Service	NgcMgmt1	v1.0	
E6F89680-FC98-11E3-80D4-10604B681CFA	MS-DLL	NgcCtnrGidsHandler.dll: Microsoft Passport Container GIDS Handler	GidsHandlerRpc	v1.0	
E7A216AF-1EC1-447F-8D3F-A87278DB564D	MS-DLL	vmcompute.exe: VM Compute	HcsRpc	v1.0	
E8748F69-A2A4-40DF-9366-62DBEB696E26	MS-DLL	unistore.dll: Unified Store	USSvc	v0.0	
F2C9B409-C1C9-4100-8639-D8AB1486694A	MS-DLL	wkssvc.dll: Workstation Service	ClusterConnRpc	v1.0	
EB081A0D-10EE-478A-A1DD-50995283E7A8	MS-DLL	wkssvc.dll: Workstation Service	WitnessNodesRpc	v3.0	
F3F09FFD-FBCF-4291-944D-70AD6E0E73BB	MS-DLL	logoncontroller.dll: Logon UX Controller	LogonWluirRpc	v1.0	
FD6B7E61-2BED-4D48-A267-D746FE449FED	MS-DLL	ngcsvc.dll: Microsoft Passport Service	DeviceCredentialRpc	v1.0	
30034843-029D-46EC-8FFF-5D12987F85C4	MS-DLL	NgcCtnrSvc.dll: Microsoft Passport Container Service	NgcRpc	v1.0	
A00E7603-27B5-4A1A-8452-D001F41188A9	MS-DLL	SECOMN.DLL: Sound Research Corp	SECOMNRpc	v1.0	
C3F42C6E-D4CC-4E5A-938B-9C5E8A5D8C2E	MS-DLL	wlanmsm.dll: Windows Wireless LAN 802.11 MSM	ihvmsmapi	v1.0	
AF7FEAD8-C34A-461F-8894-6D6F0E5EDDCD	MS-DLL	wifinetworkmanager.dll: Wireless Network Manager	WiFiUserRpc	v1.0	
266F33B4-C7C1-4BD1-8F52-DDB8F2214EB0	MS-DLL	wlansvc.dll: Windows WLAN AutoConfig Service	WlanSvcLowPriv	v1.0	
266F33B4-C7C1-4BD1-8F52-DDB8F2214EA9	MS-DLL	wlansvc.dll: Windows WLAN AutoConfig Service	WlanSvc	v1.0	
25952C5D-7976-4AA1-A3CB-C35F7AE79D1B	MS-DLL	wlansvc.dll: Windows WLAN AutoConfig Service	WDiagRpc	v1.1	
98E96949-BC59-47F1-92D1-8C25B46F85C7	MS-DLL	wlanext.exe: Windows Wireless LAN 802.11 Extensibility Framework	RpcDot11ExtIhv	v1.0	
07B91411-14FE-4856-8982-C3FA7581D784	MS-DLL	PackageStateRoaming.dll: Package State Roaming	SignalRpc	v1.0	
572E35B4-1344-4565-96A1-F5DF3BFA89BB	MS-DLL	wlidsvc.dll: Microsoft Account Service 	LiveIdSvcNotifyRpc	v1.0	
CC105610-DA03-467E-BC73-5B9E2937458D	MS-DLL	wlidsvc.dll: Microsoft Account Service 	LiveIdSvcRpc	v1.0	
FAF2447B-B348-4FEB-8DBE-BEEE5B7F7778	MS-DLL	wlidsvc.dll: Microsoft Account Service 	OnlineProviderCertRpc	v1.0	
2F5F6521-CB55-1059-B446-00DF0BCE31DB	MS-DLL	unimdm.tsp: Universal Modem Driver TSP	UnimdmRpc	v1.0	
3CC5A774-9689-4395-83D9-2D51D69ADC0F	MS-DLL	Microsoft.Graphics.Display.DisplayEnhancementService.dll: Microsoft Graphics Display Enhancement Service	ColorAdapterRpcServer	v1.0	
8833D1D0-965F-4216-B3E9-FBE58CAD3100	MS-DLL	SCardSvr.dll: Smart Card Resource Management Server	SCardCacheRpc	v1.0	
C6B5235A-E413-481D-9AC8-31681B1FAAF5	MS-DLL	SCardSvr.dll: Smart Card Resource Management Server	SCardRpc	v1.0	
5DEA026D-F999-40B1-A234-2164FD086783	MS-DLL	Windows.Internal.Bluetooth.dll: Windows Internal Bluetooth	BthEvtBrRpc	v1.0	
0A533B58-0ED9-4085-B6E8-95795E147972	MS-DLL	Microsoft.Bluetooth.Service.dll: Microsoft Bluetooth Service	RpcBluetoothGatt	v1.0	
AE2DC901-312D-41DF-8B79-E835E63DB874	MS-DLL	AppXDeploymentServer.dll: AppX Deployment Server	AppXSetTrustLabelRpc	v1.0	
FF9FD3C4-742E-45E0-91DD-2F5BC632A1DF	MS-DLL	AppXDeploymentServer.dll: AppX Deployment Server	AppXSetTrustLabel1Rpc	v1.0	
847C6E33-7372-4A11-9B86-F5A4AF446DD8	MS-DLL	VoipRT.dll: VoIP Runtime	VoIpRpc	v0.0	
9FA6AFF6-E0AD-48DF-A6B4-E64BE66A17A1	MS-DLL	WFDSConMgrSvc.dll: WiFi Direct Services Connection Manager Service	WFDSConMgrRpc	v1.0	
6DDFC7D1-7FCA-44EB-A279-E9988F4DB32B	MS-DLL	FrameServer.dll: Windows Camera Frame Server	FrameServerRpc	v1.0	
B4CB7611-AD0B-4C2D-B35F-FFE45785C709	MS-DLL	wwansvc.dll: WWAN Auto Config Service	WwanRpc	v1.0	
9C56D792-0591-4431-8D1F-681BFD80E4C0	MS-DLL	wwansvc.dll: WWAN Auto Config Service	Wwan2Rpc	v1.0	
DE2DAF3B-5C16-4613-B204-D810EE629D9E	MS-DLL	wwansvc.dll: WWAN Auto Config Service	WwanMgmtRpc	v1.0	
C503F532-443A-4C69-8300-CCD1FBDB3839	MS-DLL	mpsvc.dll: Windows Defender Service	IMpService	v2.0	
C6F3EE72-CE7E-11D1-B71E-00C04FC3111A	RPCSS	Machine Activator Control	IMachineActivatorControl	v1.0	
00000136-0000-0000-C000-000000000046	RPCSS	The ISCM Local Activactor	ISCMLocalActivator	v0.0	
412F241E-C12A-11CE-ABFF-0020AF6E7A17	RPCSS	The ISCM RPC interface	ISCM	v0.2 ncacn_ip_tcp:135	
B9E79E60-3D52-11CE-AAA1-00006901293F	RPCSS	Running Object Table Interface	IROT	v0.2	ncacn_ip_tcp:135
E60C73E6-88F9-11CF-9AF1-0020AF6E72F4	RPCSS	Local Object Exporter Service	ILocalObjectExporter	v2.0	ncacn_ip_tcp:135
0B0A6584-9E0F-11CF-A3CF-00805F68CB1B	RPCSS	Local Endpoint Mapper	localepmp	v1.1	
1D55B526-C137-46C5-AB79-638F2A68E869	RPCSS	Dbgidl	Dbgidl	v1.0	
64FE0B7F-9EF5-4553-A7DB-9A1975777554	RPCSS	Fwidl	Fwidl	v1.0	
4F32ADC8-6052-4A04-8701-293CCF2096F0	MS-DLL	sspisrv.dll: LSA SSPI RPC interface	sspirpc	v1.0	
D25576E4-00D2-43F7-98F9-B4C0724158F9	MS-DLL	lsasrv.dll: LSA Server 	lsasrv	v1.0	
00000134-0000-0000-C000-000000000046	MS-DCOM	The OID Rundown Interface	IRundown	v0.0	
18F70770-8E64-11CF-9AF1-0020AF6E72F4	MS-DCOM	combase.dll: Microsoft COM for Windows	combase	v0.0	
A2C45F7C-7D32-46AD-96F5-ADAFB486BE74	MS-DLL	Sens.dll: System Event Notification Service (SENS)	servicechannel	v1.0	
93149CA2-973B-11D1-8C39-00C04FB984F9	MS-DLL	SceSvc	SceSvc	v0.0	
F50A28CF-5C9C-4F7E-9D80-E25E16E18C59	MS-WMI	Internal_IWbemServices	Internal_IWbemServices	v0.0	
1BE41572-91DD-11D1-AEB2-00C04FB68820	MS-WMI	IWbemProviderInit	IWbemProviderInit	v0.0	
6919DD07-1637-4611-A8A7-C16FAC5B2D53	MS-WMI	Internal_IWbemProviderInit	Internal_IWbemProviderInit	v0.0	
FEC1B0AC-5808-4033-A915-C0185934581E	MS-WMI	_IWmiProviderSite	_IWmiProviderSite	v0.0	
E245105B-B06E-11D0-AD61-00C04FD8FDFF	MS-WMI	IWbemEventProvider	IWbemEventProvider	v0.0	
FD450835-CF1B-4C87-9FD2-5E0D42FDE081	MS-WMI	Internal_IWbemEventProvider	Internal_IWbemEventProvider	v0.0	
580ACAF8-FA1C-11D0-AD72-00C04FD8FDFF	MS-WMI	IWbemEventProviderQuerySink	IWbemEventProviderQuerySink	v0.0	
8A0DC377-A9D3-41CB-BD69-AE1FDAF2DC68	MS-WMI	Internal_IWbemEventProviderQuerySink	Internal_IWbemEventProviderQuerySink	v0.0	
631F7D96-D993-11D2-B339-00105A1F4AAF	MS-WMI	IWbemEventProviderSecurity	IWbemEventProviderSecurity	v0.0	
DF2373F5-EFB2-475C-AD58-3102D61967D4	MS-WMI	Internal_IWbemEventProviderSecurity	Internal_IWbemEventProviderSecurity	v0.0	
00000132-0000-0000-C000-000000000046	MS-DCOM	ILocalSystemActivator	ILocalSystemActivator	v0.0	
2A82BB21-E44F-4791-9AA1-DFAE788E2F43	MS-DLL	UBPM.dll: Unified Background Process Manager	UBPM	v1.0	
